datetime,batch_number,netweight,number_of_pieces,material,date,timedifference_mins,time_lag
2026-09-22 08:39:18,GA08(25-091),32.27,25,SXXL,2026-09-22,1810,
2026-09-22 08:39:30,GA08(25-091),32.94,25,SXXL,2026-09-22,1809,0 days 00:00:12
2026-09-22 08:40:09,GA08(25-091),34.1,25,SXXL,2026-09-22,1809,0 days 00:00:39
2026-09-22 08:40:23,GA08(25-091),32.05,25,SXXL,2026-09-22,1809,0 days 00:00:14
2026-09-22 08:40:30,GA08(25-091),33.35,25,SXXL,2026-09-22,1808,0 days 00:00:07
2026-09-22 08:40:37,GA08(25-091),33.54,25,SXXL,2026-09-22,1808,0 days 00:00:07
2026-09-22 08:40:45,GA08(25-091),32.74,25,SXXL,2026-09-22,1808,0 days 00:00:08
2026-09-22 08:41:08,GA08(25-091),31.58,25,SXXL,2026-09-22,1808,0 days 00:00:23
2026-09-22 08:41:16,GA08(25-091),32.54,25,SXXL,2026-09-22,1808,0 days 00:00:08
2026-09-22 08:41:28,GA08(25-091),32.18,25,SXXL,2026-09-22,1807,0 days 00:00:12
2026-09-22 08:41:34,GA08(25-091),32.81,25,SXXL,2026-09-22,1807,0 days 00:00:06
2026-09-22 08:41:39,GA08(25-091),31.86,25,SXXL,2026-09-22,1807,0 days 00:00:05
2026-09-22 08:41:47,GA08(25-091),32.46,25,SXXL,2026-09-22,1807,0 days 00:00:08
2026-09-22 08:41:53,GA08(25-091),31.55,25,SXXL,2026-09-22,1807,0 days 00:00:06
2026-09-22 08:42:31,GA08(25-091),31.31,25,SXXL,2026-09-22,1806,0 days 00:00:38
2026-09-22 08:42:47,GA08(25-091),32.11,25,SXXL,2026-09-22,1806,0 days 00:00:16
2026-09-22 08:42:54,GA08(25-091),32.4,25,SXXL,2026-09-22,1806,0 days 00:00:07
2026-09-22 08:43:00,GA08(25-091),31.57,25,SXXL,2026-09-22,1806,0 days 00:00:06
2026-09-22 08:43:06,GA08(25-091),32.64,25,SXXL,2026-09-22,1806,0 days 00:00:06
2026-09-22 08:43:12,GA08(25-091),32.01,25,SXXL,2026-09-22,1806,0 days 00:00:06
2026-09-22 08:43:18,GA08(25-091),32.35,25,SXXL,2026-09-22,1806,0 days 00:00:06
2026-09-22 08:43:39,GA08(25-091),30.79,25,SXXL,2026-09-22,1805,0 days 00:00:21
2026-09-22 08:43:46,GA08(25-091),31.23,25,SXXL,2026-09-22,1805,0 days 00:00:07
2026-09-22 08:43:55,GA08(25-091),31.91,25,SXXL,2026-09-22,1805,0 days 00:00:09
2026-09-22 08:44:00,GA08(25-091),33.16,25,SXXL,2026-09-22,1805,0 days 00:00:05
2026-09-22 08:44:05,GA08(25-091),32.18,25,SXXL,2026-09-22,1805,0 days 00:00:05
2026-09-22 08:44:11,GA08(25-091),32.42,25,SXXL,2026-09-22,1805,0 days 00:00:06
2026-09-22 08:44:22,GA08(25-091),31.49,25,SXXL,2026-09-22,1805,0 days 00:00:11
2026-09-22 08:44:31,GA08(25-091),32.42,25,SXXL,2026-09-22,1804,0 days 00:00:09
2026-09-22 08:44:57,GA08(25-091),31.8,25,SXXL,2026-09-22,1804,0 days 00:00:26
2026-09-22 08:45:06,GA08(25-091),33.5,25,SXXL,2026-09-22,1804,0 days 00:00:09
2026-09-22 08:45:18,GA08(25-091),31.7,25,SXXL,2026-09-22,1804,0 days 00:00:12
2026-09-22 08:45:23,GA08(25-091),32.75,25,SXXL,2026-09-22,1804,0 days 00:00:05
2026-09-22 08:45:56,GA08(25-091),33.93,25,SXXL,2026-09-22,1803,0 days 00:00:33
2026-09-22 08:47:16,GA08(25-091),31.92,25,SXXL,2026-09-22,1802,0 days 00:01:20
2026-09-22 08:48:24,GA08(25-091),33.46,25,SXXL,2026-09-22,1801,0 days 00:01:08
2026-09-22 08:51:03,GA08(25-091),31.88,25,SXXL,2026-09-22,1798,0 days 00:02:39
2026-09-22 08:51:06,GA08(25-091),33.23,25,SXXL,2026-09-22,1798,0 days 00:00:03
2026-09-22 08:51:14,GA08(25-091),32.69,25,SXXL,2026-09-22,1798,0 days 00:00:08
2026-09-22 08:51:18,GA08(25-091),32.56,25,SXXL,2026-09-22,1798,0 days 00:00:04
2026-09-22 08:51:24,GA08(25-091),32.65,25,SXXL,2026-09-22,1798,0 days 00:00:06
2026-09-22 08:51:29,GA08(25-091),32.42,25,SXXL,2026-09-22,1797,0 days 00:00:05
2026-09-22 08:51:36,GA08(25-091),32.24,25,SXXL,2026-09-22,1797,0 days 00:00:07
2026-09-22 08:51:41,GA08(25-091),32.7,25,SXXL,2026-09-22,1797,0 days 00:00:05
2026-09-22 08:51:45,GA08(25-091),33.32,25,SXXL,2026-09-22,1797,0 days 00:00:04
2026-09-22 08:51:50,GA08(25-091),31.87,25,SXXL,2026-09-22,1797,0 days 00:00:05
2026-09-22 08:51:56,GA08(25-091),32.48,25,SXXL,2026-09-22,1797,0 days 00:00:06
2026-09-22 08:52:03,GA08(25-091),33.36,25,SXXL,2026-09-22,1797,0 days 00:00:07
2026-09-22 08:52:49,GA08(25-091),32.13,25,SXXL,2026-09-22,1796,0 days 00:00:46
2026-09-22 08:54:29,GA08(25-091),31.39,25,SXXL,2026-09-22,1794,0 days 00:01:40
2026-09-22 08:54:37,GA08(25-091),32.12,25,SXXL,2026-09-22,1794,0 days 00:00:08
2026-09-22 08:54:42,GA08(25-091),31.91,25,SXXL,2026-09-22,1794,0 days 00:00:05
2026-09-22 08:54:47,GA08(25-091),31.9,25,SXXL,2026-09-22,1794,0 days 00:00:05
2026-09-22 08:54:56,GA08(25-091),31.83,25,SXXL,2026-09-22,1794,0 days 00:00:09
2026-09-22 08:55:00,GA08(25-091),34.12,25,SXXL,2026-09-22,1794,0 days 00:00:04
2026-09-22 08:55:05,GA08(25-091),31.11,25,SXXL,2026-09-22,1794,0 days 00:00:05
2026-09-22 08:55:10,GA08(25-091),30.78,25,SXXL,2026-09-22,1794,0 days 00:00:05
2026-09-22 08:55:15,GA08(25-091),32.19,25,SXXL,2026-09-22,1794,0 days 00:00:05
2026-09-22 08:55:22,GA08(25-091),31.91,25,SXXL,2026-09-22,1794,0 days 00:00:07
2026-09-22 08:55:27,GA08(25-091),32.44,25,SXXL,2026-09-22,1793,0 days 00:00:05
2026-09-22 08:55:32,GA08(25-091),31.52,25,SXXL,2026-09-22,1793,0 days 00:00:05
2026-09-22 08:55:37,GA08(25-091),31.5,25,SXXL,2026-09-22,1793,0 days 00:00:05
2026-09-22 08:55:43,GA08(25-091),32.87,25,SXXL,2026-09-22,1793,0 days 00:00:06
2026-09-22 08:55:47,GA08(25-091),31.51,25,SXXL,2026-09-22,1793,0 days 00:00:04
2026-09-22 08:55:53,GA08(25-091),31.68,25,SXXL,2026-09-22,1793,0 days 00:00:06
2026-09-22 08:55:58,GA08(25-091),31.93,25,SXXL,2026-09-22,1793,0 days 00:00:05
2026-09-22 08:56:07,GA08(25-091),32.34,25,SXXL,2026-09-22,1793,0 days 00:00:09
2026-09-22 08:56:12,GA08(25-091),32.79,25,SXXL,2026-09-22,1793,0 days 00:00:05
2026-09-22 08:56:17,GA08(25-091),31.71,25,SXXL,2026-09-22,1793,0 days 00:00:05
2026-09-22 08:56:25,GA08(25-091),32.21,25,SXXL,2026-09-22,1793,0 days 00:00:08
2026-09-22 08:56:30,GA08(25-091),31.05,25,SXXL,2026-09-22,1792,0 days 00:00:05
2026-09-22 08:56:36,GA08(25-091),33.21,25,SXXL,2026-09-22,1792,0 days 00:00:06
2026-09-22 08:56:42,GA08(25-091),31.89,25,SXXL,2026-09-22,1792,0 days 00:00:06
2026-09-22 08:56:55,GA08(25-091),33.08,25,SXXL,2026-09-22,1792,0 days 00:00:13
2026-09-22 08:57:06,GA08(25-091),31.59,25,SXXL,2026-09-22,1792,0 days 00:00:11
2026-09-22 08:57:13,GA08(25-091),33.53,25,SXXL,2026-09-22,1792,0 days 00:00:07
2026-09-22 08:57:18,GA08(25-091),31.44,25,SXXL,2026-09-22,1792,0 days 00:00:05
2026-09-22 08:57:23,GA08(25-091),32.66,25,SXXL,2026-09-22,1792,0 days 00:00:05
2026-09-22 08:57:28,GA08(25-091),31.48,25,SXXL,2026-09-22,1791,0 days 00:00:05
2026-09-22 08:57:34,GA08(25-091),32.28,25,SXXL,2026-09-22,1791,0 days 00:00:06
2026-09-22 08:57:40,GA08(25-091),34.1,25,SXXL,2026-09-22,1791,0 days 00:00:06
2026-09-22 08:57:46,GA08(25-091),31.66,25,SXXL,2026-09-22,1791,0 days 00:00:06
2026-09-22 08:57:57,GA08(25-091),32.68,25,SXXL,2026-09-22,1791,0 days 00:00:11
2026-09-22 08:58:04,GA08(25-091),31.66,25,SXXL,2026-09-22,1791,0 days 00:00:07
2026-09-22 08:58:22,GA08(25-091),31.77,25,SXXL,2026-09-22,1791,0 days 00:00:18
2026-09-22 08:58:30,GA08(25-091),32.54,25,SXXL,2026-09-22,1790,0 days 00:00:08
2026-09-22 08:58:35,GA08(25-091),31.54,25,SXXL,2026-09-22,1790,0 days 00:00:05
2026-09-22 08:58:40,GA08(25-091),32.74,25,SXXL,2026-09-22,1790,0 days 00:00:05
2026-09-22 08:58:47,GA08(25-091),34.15,25,SXXL,2026-09-22,1790,0 days 00:00:07
2026-09-22 08:58:51,GA08(25-091),32.1,25,SXXL,2026-09-22,1790,0 days 00:00:04
2026-09-22 08:58:58,GA08(25-091),32.55,25,SXXL,2026-09-22,1790,0 days 00:00:07
2026-09-22 08:59:03,GA08(25-091),33.39,25,SXXL,2026-09-22,1790,0 days 00:00:05
2026-09-22 08:59:09,GA08(25-091),32.79,25,SXXL,2026-09-22,1790,0 days 00:00:06
2026-09-22 08:59:14,GA08(25-091),31.46,25,SXXL,2026-09-22,1790,0 days 00:00:05
2026-09-22 08:59:21,GA08(25-091),32.4,25,SXXL,2026-09-22,1790,0 days 00:00:07
2026-09-22 08:59:26,GA08(25-091),33.45,25,SXXL,2026-09-22,1789,0 days 00:00:05
2026-09-22 08:59:32,GA08(25-091),32.76,25,SXXL,2026-09-22,1789,0 days 00:00:06
2026-09-22 08:59:38,GA08(25-091),34.05,25,SXXL,2026-09-22,1789,0 days 00:00:06
2026-09-22 08:59:54,GA08(25-091),31.53,25,SXXL,2026-09-22,1789,0 days 00:00:16
2026-09-22 09:00:00,GA08(25-091),31.84,25,SXXL,2026-09-22,1789,0 days 00:00:06
2026-09-22 09:00:05,GA08(25-091),31.58,25,SXXL,2026-09-22,1789,0 days 00:00:05
2026-09-22 09:02:03,GA08(25-091),31.88,25,SXXL,2026-09-22,1787,0 days 00:01:58
2026-09-22 09:02:15,GA08(25-091),30.12,25,SXXL,2026-09-22,1787,0 days 00:00:12
2026-09-22 09:02:22,GA08(25-091),31.78,25,SXXL,2026-09-22,1787,0 days 00:00:07
2026-09-22 09:02:30,GA08(25-091),33.15,25,SXXL,2026-09-22,1786,0 days 00:00:08
2026-09-22 09:02:37,GA08(25-091),31.55,25,SXXL,2026-09-22,1786,0 days 00:00:07
2026-09-22 09:04:02,GA08(25-091),32.34,25,SXXL,2026-09-22,1785,0 days 00:01:25
2026-09-22 09:04:56,GA08(25-091),32.07,25,SXXL,2026-09-22,1784,0 days 00:00:54
2026-09-22 09:05:02,GA08(25-091),32.74,25,SXXL,2026-09-22,1784,0 days 00:00:06
2026-09-22 09:05:08,GA08(25-091),30.82,25,SXXL,2026-09-22,1784,0 days 00:00:06
2026-09-22 09:05:14,GA08(25-091),32.12,25,SXXL,2026-09-22,1784,0 days 00:00:06
2026-09-22 09:05:18,GA08(25-091),32.43,25,SXXL,2026-09-22,1784,0 days 00:00:04
2026-09-22 09:05:29,GA08(25-091),32.71,25,SXXL,2026-09-22,1783,0 days 00:00:11
2026-09-22 09:05:35,GA08(25-091),32.39,25,SXXL,2026-09-22,1783,0 days 00:00:06
2026-09-22 09:05:39,GA08(25-091),31.78,25,SXXL,2026-09-22,1783,0 days 00:00:04
2026-09-22 09:05:45,GA08(25-091),33.63,25,SXXL,2026-09-22,1783,0 days 00:00:06
2026-09-22 09:06:07,GA08(25-091),31.61,25,SXXL,2026-09-22,1783,0 days 00:00:22
2026-09-22 09:06:14,GA08(25-091),32.6,25,SXXL,2026-09-22,1783,0 days 00:00:07
2026-09-22 09:06:19,GA08(25-091),31.94,25,SXXL,2026-09-22,1783,0 days 00:00:05
2026-09-22 09:06:23,GA08(25-091),33.03,25,SXXL,2026-09-22,1783,0 days 00:00:04
2026-09-22 09:06:31,GA08(25-091),32.55,25,SXXL,2026-09-22,1782,0 days 00:00:08
2026-09-22 09:06:37,GA08(25-091),32.28,25,SXXL,2026-09-22,1782,0 days 00:00:06
2026-09-22 09:06:41,GA08(25-091),32.02,25,SXXL,2026-09-22,1782,0 days 00:00:04
2026-09-22 09:06:45,GA08(25-091),31.94,25,SXXL,2026-09-22,1782,0 days 00:00:04
2026-09-22 09:06:52,GA08(25-091),31.93,25,SXXL,2026-09-22,1782,0 days 00:00:07
2026-09-22 09:06:58,GA08(25-091),31.61,25,SXXL,2026-09-22,1782,0 days 00:00:06
2026-09-22 09:07:04,GA08(25-091),32.53,25,SXXL,2026-09-22,1782,0 days 00:00:06
2026-09-22 09:07:08,GA08(25-091),31.02,25,SXXL,2026-09-22,1782,0 days 00:00:04
2026-09-22 09:07:12,GA08(25-091),31.24,25,SXXL,2026-09-22,1782,0 days 00:00:04
2026-09-22 09:07:23,GA08(25-091),32.34,25,SXXL,2026-09-22,1782,0 days 00:00:11
2026-09-22 09:07:38,GA08(25-091),31.34,25,SXXL,2026-09-22,1781,0 days 00:00:15
2026-09-22 09:07:43,GA08(25-091),32.39,25,SXXL,2026-09-22,1781,0 days 00:00:05
2026-09-22 09:07:49,GA08(25-091),32.07,25,SXXL,2026-09-22,1781,0 days 00:00:06
2026-09-22 09:07:54,GA08(25-091),32.99,25,SXXL,2026-09-22,1781,0 days 00:00:05
2026-09-22 09:07:59,GA08(25-091),33.94,25,SXXL,2026-09-22,1781,0 days 00:00:05
2026-09-22 09:08:04,GA08(25-091),33.66,25,SXXL,2026-09-22,1781,0 days 00:00:05
2026-09-22 09:08:29,GA08(25-091),31.24,25,SXXL,2026-09-22,1780,0 days 00:00:25
2026-09-22 09:08:39,GA08(25-091),31.9,25,SXXL,2026-09-22,1780,0 days 00:00:10
2026-09-22 09:08:44,GA08(25-091),32.23,25,SXXL,2026-09-22,1780,0 days 00:00:05
2026-09-22 09:08:49,GA08(25-091),32.93,25,SXXL,2026-09-22,1780,0 days 00:00:05
2026-09-22 09:08:53,GA08(25-091),33.79,25,SXXL,2026-09-22,1780,0 days 00:00:04
2026-09-22 09:08:59,GA08(25-091),31.96,25,SXXL,2026-09-22,1780,0 days 00:00:06
2026-09-22 09:09:04,GA08(25-091),32.49,25,SXXL,2026-09-22,1780,0 days 00:00:05
2026-09-22 09:09:12,GA08(25-091),31.58,25,SXXL,2026-09-22,1780,0 days 00:00:08
2026-09-22 09:09:20,GA08(25-091),32.04,25,SXXL,2026-09-22,1780,0 days 00:00:08
2026-09-22 09:09:24,GA08(25-091),32.21,25,SXXL,2026-09-22,1780,0 days 00:00:04
2026-09-22 09:09:31,GA08(25-091),33.41,25,SXXL,2026-09-22,1779,0 days 00:00:07
2026-09-22 09:09:39,GA08(25-091),31.72,25,SXXL,2026-09-22,1779,0 days 00:00:08
2026-09-22 09:09:45,GA08(25-091),33.22,25,SXXL,2026-09-22,1779,0 days 00:00:06
2026-09-22 09:09:52,GA08(25-091),33.56,25,SXXL,2026-09-22,1779,0 days 00:00:07
2026-09-22 09:09:57,GA08(25-091),32.8,25,SXXL,2026-09-22,1779,0 days 00:00:05
2026-09-22 09:10:04,GA08(25-091),32.62,25,SXXL,2026-09-22,1779,0 days 00:00:07
2026-09-22 09:10:09,GA08(25-091),31.71,25,SXXL,2026-09-22,1779,0 days 00:00:05
2026-09-22 09:10:13,GA08(25-091),32.2,25,SXXL,2026-09-22,1779,0 days 00:00:04
2026-09-22 09:10:21,GA08(25-091),33.05,25,SXXL,2026-09-22,1779,0 days 00:00:08
2026-09-22 09:10:29,GA08(25-091),32.08,25,SXXL,2026-09-22,1778,0 days 00:00:08
2026-09-22 09:10:37,GA08(25-091),32.39,25,SXXL,2026-09-22,1778,0 days 00:00:08
2026-09-22 09:11:01,GA08(25-091),31.58,25,SXXL,2026-09-22,1778,0 days 00:00:24
2026-09-22 09:11:15,GA08(25-091),31.69,25,SXXL,2026-09-22,1778,0 days 00:00:14
2026-09-22 09:13:23,GA08(25-091),35.44,44,Extra Large,2026-09-22,1776,0 days 00:02:08
2026-09-22 09:14:01,GA08(25-091),34.2,44,Extra Large,2026-09-22,1775,0 days 00:00:38
2026-09-22 09:14:08,GA08(25-091),35.01,44,Extra Large,2026-09-22,1775,0 days 00:00:07
2026-09-22 09:14:14,GA08(25-091),33.92,44,Extra Large,2026-09-22,1775,0 days 00:00:06
2026-09-22 09:14:19,GA08(25-091),34.2,44,Extra Large,2026-09-22,1775,0 days 00:00:05
2026-09-22 09:14:27,GA08(25-091),33.45,44,Extra Large,2026-09-22,1774,0 days 00:00:08
2026-09-22 09:14:44,GA08(25-091),34.79,44,Extra Large,2026-09-22,1774,0 days 00:00:17
2026-09-22 09:14:51,GA08(25-091),33.58,44,Extra Large,2026-09-22,1774,0 days 00:00:07
2026-09-22 09:15:01,GA08(25-091),34.09,44,Extra Large,2026-09-22,1774,0 days 00:00:10
2026-09-22 09:15:07,GA08(25-091),33.73,44,Extra Large,2026-09-22,1774,0 days 00:00:06
2026-09-22 09:15:18,GA08(25-091),34.98,44,Extra Large,2026-09-22,1774,0 days 00:00:11
2026-09-22 09:15:30,GA08(25-091),34.33,44,Extra Large,2026-09-22,1773,0 days 00:00:12
2026-09-22 09:15:38,GA08(25-091),34.2,44,Extra Large,2026-09-22,1773,0 days 00:00:08
2026-09-22 09:15:44,GA08(25-091),33.55,44,Extra Large,2026-09-22,1773,0 days 00:00:06
2026-09-22 09:21:11,GA08(25-091),20.49,27,Extra Large,2026-09-22,1768,0 days 00:05:27
2026-09-22 09:21:51,GA08(25-091),35.05,44,Extra Large,2026-09-22,1767,0 days 00:00:40
2026-09-22 09:21:58,GA08(25-091),33.59,44,Extra Large,2026-09-22,1767,0 days 00:00:07
2026-09-22 09:22:03,GA08(25-091),34.47,44,Extra Large,2026-09-22,1767,0 days 00:00:05
2026-09-22 09:22:12,GA08(25-091),32.69,44,Extra Large,2026-09-22,1767,0 days 00:00:09
2026-09-22 09:22:18,GA08(25-091),33.08,44,Extra Large,2026-09-22,1767,0 days 00:00:06
2026-09-22 09:25:26,GA08(25-091),33.6,44,Extra Large,2026-09-22,1763,0 days 00:03:08
2026-09-22 09:25:55,GA08(25-091),33.92,44,Extra Large,2026-09-22,1763,0 days 00:00:29
2026-09-22 09:26:51,GA08(25-091),33.63,44,Extra Large,2026-09-22,1762,0 days 00:00:56
2026-09-22 09:26:57,GA08(25-091),34.3,44,Extra Large,2026-09-22,1762,0 days 00:00:06
2026-09-22 09:27:05,GA08(25-091),33.52,44,Extra Large,2026-09-22,1762,0 days 00:00:08
2026-09-22 09:27:11,GA08(25-091),32.41,44,Extra Large,2026-09-22,1762,0 days 00:00:06
2026-09-22 09:27:15,GA08(25-091),32.6,44,Extra Large,2026-09-22,1762,0 days 00:00:04
2026-09-22 09:27:21,GA08(25-091),35.46,44,Extra Large,2026-09-22,1762,0 days 00:00:06
2026-09-22 09:27:30,GA08(25-091),34.82,44,Extra Large,2026-09-22,1761,0 days 00:00:09
2026-09-22 09:27:33,GA08(25-091),33.03,44,Extra Large,2026-09-22,1761,0 days 00:00:03
2026-09-22 09:27:40,GA08(25-091),33.45,44,Extra Large,2026-09-22,1761,0 days 00:00:07
2026-09-22 09:27:45,GA08(25-091),34.31,44,Extra Large,2026-09-22,1761,0 days 00:00:05
2026-09-22 09:27:53,GA08(25-091),33.83,44,Extra Large,2026-09-22,1761,0 days 00:00:08
2026-09-22 09:27:58,GA08(25-091),34.03,44,Extra Large,2026-09-22,1761,0 days 00:00:05
2026-09-22 09:28:02,GA08(25-091),33.35,44,Extra Large,2026-09-22,1761,0 days 00:00:04
2026-09-22 09:28:10,GA08(25-091),33.18,44,Extra Large,2026-09-22,1761,0 days 00:00:08
2026-09-22 09:28:17,GA08(25-091),34.22,44,Extra Large,2026-09-22,1761,0 days 00:00:07
2026-09-22 09:28:27,GA08(25-091),34.45,44,Extra Large,2026-09-22,1760,0 days 00:00:10
2026-09-22 09:28:45,GA08(25-091),34.71,44,Extra Large,2026-09-22,1760,0 days 00:00:18
2026-09-22 09:28:52,GA08(25-091),34.55,44,Extra Large,2026-09-22,1760,0 days 00:00:07
2026-09-22 09:28:59,GA08(25-091),33.51,44,Extra Large,2026-09-22,1760,0 days 00:00:07
2026-09-22 09:29:03,GA08(25-091),34.35,44,Extra Large,2026-09-22,1760,0 days 00:00:04
2026-09-22 09:29:08,GA08(25-091),33.95,44,Extra Large,2026-09-22,1760,0 days 00:00:05
2026-09-22 09:29:19,GA08(25-091),33.81,44,Extra Large,2026-09-22,1760,0 days 00:00:11
2026-09-22 09:29:25,GA08(25-091),34.09,44,Extra Large,2026-09-22,1760,0 days 00:00:06
2026-09-22 09:29:38,GA08(25-091),33.65,44,Extra Large,2026-09-22,1759,0 days 00:00:13
2026-09-22 09:29:47,GA08(25-091),33.29,44,Extra Large,2026-09-22,1759,0 days 00:00:09
2026-09-22 09:29:54,GA08(25-091),33.15,44,Extra Large,2026-09-22,1759,0 days 00:00:07
2026-09-22 09:30:00,GA08(25-091),33.48,44,Extra Large,2026-09-22,1759,0 days 00:00:06
2026-09-22 09:30:05,GA08(25-091),34.56,44,Extra Large,2026-09-22,1759,0 days 00:00:05
2026-09-22 09:30:10,GA08(25-091),32.43,44,Extra Large,2026-09-22,1759,0 days 00:00:05
2026-09-22 09:30:16,GA08(25-091),32.33,44,Extra Large,2026-09-22,1759,0 days 00:00:06
2026-09-22 09:30:21,GA08(25-091),33.76,44,Extra Large,2026-09-22,1759,0 days 00:00:05
2026-09-22 09:30:26,GA08(25-091),34.9,44,Extra Large,2026-09-22,1758,0 days 00:00:05
2026-09-22 09:30:32,GA08(25-091),34.61,44,Extra Large,2026-09-22,1758,0 days 00:00:06
2026-09-22 09:30:39,GA08(25-091),34.3,44,Extra Large,2026-09-22,1758,0 days 00:00:07
2026-09-22 09:30:48,GA08(25-091),34.56,44,Extra Large,2026-09-22,1758,0 days 00:00:09
2026-09-22 09:30:53,GA08(25-091),33.09,44,Extra Large,2026-09-22,1758,0 days 00:00:05
2026-09-22 09:30:58,GA08(25-091),32.63,44,Extra Large,2026-09-22,1758,0 days 00:00:05
2026-09-22 09:31:12,GA08(25-091),33.21,44,Extra Large,2026-09-22,1758,0 days 00:00:14
2026-09-22 09:31:18,GA08(25-091),34.18,44,Extra Large,2026-09-22,1758,0 days 00:00:06
2026-09-22 09:31:26,GA08(25-091),32.95,44,Extra Large,2026-09-22,1757,0 days 00:00:08
2026-09-22 09:31:31,GA08(25-091),34.1,44,Extra Large,2026-09-22,1757,0 days 00:00:05
2026-09-22 09:31:40,GA08(25-091),34.3,44,Extra Large,2026-09-22,1757,0 days 00:00:09
2026-09-22 09:31:45,GA08(25-091),34.03,44,Extra Large,2026-09-22,1757,0 days 00:00:05
2026-09-22 09:31:50,GA08(25-091),33.77,44,Extra Large,2026-09-22,1757,0 days 00:00:05
2026-09-22 09:31:56,GA08(25-091),34.66,44,Extra Large,2026-09-22,1757,0 days 00:00:06
2026-09-22 09:32:02,GA08(25-091),34.47,44,Extra Large,2026-09-22,1757,0 days 00:00:06
2026-09-22 09:32:09,GA08(25-091),33.38,44,Extra Large,2026-09-22,1757,0 days 00:00:07
2026-09-22 09:32:14,GA08(25-091),30.74,44,Extra Large,2026-09-22,1757,0 days 00:00:05
2026-09-22 09:32:19,GA08(25-091),34.03,44,Extra Large,2026-09-22,1757,0 days 00:00:05
2026-09-22 09:32:24,GA08(25-091),34.77,44,Extra Large,2026-09-22,1757,0 days 00:00:05
2026-09-22 09:32:30,GA08(25-091),33.04,44,Extra Large,2026-09-22,1756,0 days 00:00:06
2026-09-22 09:32:35,GA08(25-091),34.43,44,Extra Large,2026-09-22,1756,0 days 00:00:05
2026-09-22 09:32:41,GA08(25-091),33.81,44,Extra Large,2026-09-22,1756,0 days 00:00:06
2026-09-22 09:32:48,GA08(25-091),32.97,44,Extra Large,2026-09-22,1756,0 days 00:00:07
2026-09-22 09:32:54,GA08(25-091),34.21,44,Extra Large,2026-09-22,1756,0 days 00:00:06
2026-09-22 09:33:16,GA08(25-091),34.19,44,Extra Large,2026-09-22,1756,0 days 00:00:22
2026-09-22 09:33:26,GA08(25-091),34.83,44,Extra Large,2026-09-22,1755,0 days 00:00:10
2026-09-22 09:33:32,GA08(25-091),34.45,44,Extra Large,2026-09-22,1755,0 days 00:00:06
2026-09-22 09:33:41,GA08(25-091),34.07,44,Extra Large,2026-09-22,1755,0 days 00:00:09
2026-09-22 09:38:06,GA08(25-091),27.95,28,XXL,2026-09-22,1751,0 days 00:04:25
2026-09-22 09:38:15,GA08(25-091),27.84,28,XXL,2026-09-22,1751,0 days 00:00:09
2026-09-22 09:38:20,GA08(25-091),28.31,28,XXL,2026-09-22,1751,0 days 00:00:05
2026-09-22 09:38:26,GA08(25-091),28.42,28,XXL,2026-09-22,1750,0 days 00:00:06
2026-09-22 09:38:32,GA08(25-091),28.86,28,XXL,2026-09-22,1750,0 days 00:00:06
2026-09-22 09:38:39,GA08(25-091),27.81,28,XXL,2026-09-22,1750,0 days 00:00:07
2026-09-22 09:38:49,GA08(25-091),28.5,28,XXL,2026-09-22,1750,0 days 00:00:10
2026-09-22 09:38:54,GA08(25-091),27.74,28,XXL,2026-09-22,1750,0 days 00:00:05
2026-09-22 09:38:59,GA08(25-091),28.61,28,XXL,2026-09-22,1750,0 days 00:00:05
2026-09-22 09:39:05,GA08(25-091),27.99,28,XXL,2026-09-22,1750,0 days 00:00:06
2026-09-22 09:39:15,GA08(25-091),27.96,28,XXL,2026-09-22,1750,0 days 00:00:10
2026-09-22 09:39:22,GA08(25-091),27.9,28,XXL,2026-09-22,1750,0 days 00:00:07
2026-09-22 09:39:28,GA08(25-091),28.21,28,XXL,2026-09-22,1749,0 days 00:00:06
2026-09-22 09:39:36,GA08(25-091),28.23,28,XXL,2026-09-22,1749,0 days 00:00:08
2026-09-22 09:39:45,GA08(25-091),28.66,28,XXL,2026-09-22,1749,0 days 00:00:09
2026-09-22 09:39:53,GA08(25-091),28.37,28,XXL,2026-09-22,1749,0 days 00:00:08
2026-09-22 09:39:57,GA08(25-091),28.24,28,XXL,2026-09-22,1749,0 days 00:00:04
2026-09-22 09:40:09,GA08(25-091),28.21,28,XXL,2026-09-22,1749,0 days 00:00:12
2026-09-22 09:40:15,GA08(25-091),28.26,28,XXL,2026-09-22,1749,0 days 00:00:06
2026-09-22 09:40:20,GA08(25-091),27.95,28,XXL,2026-09-22,1749,0 days 00:00:05
2026-09-22 09:40:33,GA08(25-091),28.11,28,XXL,2026-09-22,1748,0 days 00:00:13
2026-09-22 09:40:45,GA08(25-091),28.67,28,XXL,2026-09-22,1748,0 days 00:00:12
2026-09-22 09:40:53,GA08(25-091),28.41,28,XXL,2026-09-22,1748,0 days 00:00:08
2026-09-22 09:41:00,GA08(25-091),27.81,28,XXL,2026-09-22,1748,0 days 00:00:07
2026-09-22 09:41:05,GA08(25-091),28.07,28,XXL,2026-09-22,1748,0 days 00:00:05
2026-09-22 09:41:16,GA08(25-091),28.42,28,XXL,2026-09-22,1748,0 days 00:00:11
2026-09-22 09:41:22,GA08(25-091),28.41,28,XXL,2026-09-22,1748,0 days 00:00:06
2026-09-22 09:41:26,GA08(25-091),27.94,28,XXL,2026-09-22,1747,0 days 00:00:04
2026-09-22 09:41:33,GA08(25-091),28.09,28,XXL,2026-09-22,1747,0 days 00:00:07
2026-09-22 09:41:41,GA08(25-091),28.17,28,XXL,2026-09-22,1747,0 days 00:00:08
2026-09-22 09:44:39,GA08(25-091),27.92,28,XXL,2026-09-22,1744,0 days 00:02:58
2026-09-22 09:44:53,GA08(25-091),30.23,28,XXL,2026-09-22,1744,0 days 00:00:14
2026-09-22 09:45:08,GA08(25-091),27.87,28,XXL,2026-09-22,1744,0 days 00:00:15
2026-09-22 09:45:34,GA08(25-091),28.44,28,XXL,2026-09-22,1743,0 days 00:00:26
2026-09-22 09:45:39,GA08(25-091),27.82,28,XXL,2026-09-22,1743,0 days 00:00:05
2026-09-22 09:45:47,GA08(25-091),27.97,28,XXL,2026-09-22,1743,0 days 00:00:08
2026-09-22 09:45:52,GA08(25-091),27.61,28,XXL,2026-09-22,1743,0 days 00:00:05
2026-09-22 09:46:00,GA08(25-091),27.45,28,XXL,2026-09-22,1743,0 days 00:00:08
2026-09-22 09:46:03,GA08(25-091),27.73,28,XXL,2026-09-22,1743,0 days 00:00:03
2026-09-22 09:46:10,GA08(25-091),27.39,28,XXL,2026-09-22,1743,0 days 00:00:07
2026-09-22 09:46:21,GA08(25-091),27.83,28,XXL,2026-09-22,1743,0 days 00:00:11
2026-09-22 09:46:27,GA08(25-091),28.59,28,XXL,2026-09-22,1742,0 days 00:00:06
2026-09-22 09:46:33,GA08(25-091),28.12,28,XXL,2026-09-22,1742,0 days 00:00:06
2026-09-22 09:46:41,GA08(25-091),27.79,28,XXL,2026-09-22,1742,0 days 00:00:08
2026-09-22 09:46:45,GA08(25-091),28.61,28,XXL,2026-09-22,1742,0 days 00:00:04
2026-09-22 09:46:53,GA08(25-091),28.51,28,XXL,2026-09-22,1742,0 days 00:00:08
2026-09-22 09:46:57,GA08(25-091),28.21,28,XXL,2026-09-22,1742,0 days 00:00:04
2026-09-22 09:47:06,GA08(25-091),28.49,28,XXL,2026-09-22,1742,0 days 00:00:09
2026-09-22 09:47:14,GA08(25-091),28.52,28,XXL,2026-09-22,1742,0 days 00:00:08
2026-09-22 09:47:19,GA08(25-091),29.42,28,XXL,2026-09-22,1742,0 days 00:00:05
2026-09-22 09:47:25,GA08(25-091),27.8,28,XXL,2026-09-22,1742,0 days 00:00:06
2026-09-22 09:47:31,GA08(25-091),28.28,28,XXL,2026-09-22,1741,0 days 00:00:06
2026-09-22 09:47:36,GA08(25-091),28.71,28,XXL,2026-09-22,1741,0 days 00:00:05
2026-09-22 09:47:45,GA08(25-091),27.63,28,XXL,2026-09-22,1741,0 days 00:00:09
2026-09-22 09:47:52,GA08(25-091),27.71,28,XXL,2026-09-22,1741,0 days 00:00:07
2026-09-22 09:48:10,GA08(25-091),28.07,28,XXL,2026-09-22,1741,0 days 00:00:18
2026-09-22 09:48:19,GA08(25-091),28.07,28,XXL,2026-09-22,1741,0 days 00:00:09
2026-09-22 09:48:26,GA08(25-091),27.78,28,XXL,2026-09-22,1740,0 days 00:00:07
2026-09-22 09:48:34,GA08(25-091),27.65,28,XXL,2026-09-22,1740,0 days 00:00:08
2026-09-22 09:48:40,GA08(25-091),28.03,28,XXL,2026-09-22,1740,0 days 00:00:06
2026-09-22 09:48:53,GA08(25-091),27.98,28,XXL,2026-09-22,1740,0 days 00:00:13
2026-09-22 09:49:01,GA08(25-091),28.22,28,XXL,2026-09-22,1740,0 days 00:00:08
2026-09-22 09:49:14,GA08(25-091),27.81,28,XXL,2026-09-22,1740,0 days 00:00:13
2026-09-22 09:49:21,GA08(25-091),28.0,28,XXL,2026-09-22,1740,0 days 00:00:07
2026-09-22 09:49:26,GA08(25-091),28.1,28,XXL,2026-09-22,1739,0 days 00:00:05
2026-09-22 09:49:32,GA08(25-091),28.25,28,XXL,2026-09-22,1739,0 days 00:00:06
2026-09-22 09:49:36,GA08(25-091),27.7,28,XXL,2026-09-22,1739,0 days 00:00:04
2026-09-22 09:49:44,GA08(25-091),28.08,28,XXL,2026-09-22,1739,0 days 00:00:08
2026-09-22 09:49:50,GA08(25-091),27.73,28,XXL,2026-09-22,1739,0 days 00:00:06
2026-09-22 09:49:54,GA08(25-091),27.44,28,XXL,2026-09-22,1739,0 days 00:00:04
2026-09-22 09:50:00,GA08(25-091),27.3,28,XXL,2026-09-22,1739,0 days 00:00:06
2026-09-22 09:50:07,GA08(25-091),28.01,28,XXL,2026-09-22,1739,0 days 00:00:07
2026-09-22 09:50:12,GA08(25-091),28.29,28,XXL,2026-09-22,1739,0 days 00:00:05
2026-09-22 09:50:23,GA08(25-091),27.43,28,XXL,2026-09-22,1739,0 days 00:00:11
2026-09-22 09:50:33,GA08(25-091),28.62,28,XXL,2026-09-22,1738,0 days 00:00:10
2026-09-22 09:50:39,GA08(25-091),28.14,28,XXL,2026-09-22,1738,0 days 00:00:06
2026-09-22 09:51:30,GA08(25-091),28.09,28,XXL,2026-09-22,1737,0 days 00:00:51
2026-09-22 09:51:36,GA08(25-091),28.16,28,XXL,2026-09-22,1737,0 days 00:00:06
2026-09-22 09:51:42,GA08(25-091),28.03,28,XXL,2026-09-22,1737,0 days 00:00:06
2026-09-22 09:51:56,GA08(25-091),28.24,28,XXL,2026-09-22,1737,0 days 00:00:14
2026-09-22 09:52:04,GA08(25-091),28.36,28,XXL,2026-09-22,1737,0 days 00:00:08
2026-09-22 09:52:09,GA08(25-091),28.08,28,XXL,2026-09-22,1737,0 days 00:00:05
2026-09-22 09:52:14,GA08(25-091),28.08,28,XXL,2026-09-22,1737,0 days 00:00:05
2026-09-22 09:52:20,GA08(25-091),26.72,28,XXL,2026-09-22,1737,0 days 00:00:06
2026-09-22 09:52:36,GA08(25-091),27.96,28,XXL,2026-09-22,1736,0 days 00:00:16
2026-09-22 09:52:47,GA08(25-091),28.29,28,XXL,2026-09-22,1736,0 days 00:00:11
2026-09-22 09:52:53,GA08(25-091),27.92,28,XXL,2026-09-22,1736,0 days 00:00:06
2026-09-22 09:52:59,GA08(25-091),27.98,28,XXL,2026-09-22,1736,0 days 00:00:06
2026-09-22 09:53:05,GA08(25-091),28.06,28,XXL,2026-09-22,1736,0 days 00:00:06
2026-09-22 09:53:16,GA08(25-091),28.22,28,XXL,2026-09-22,1736,0 days 00:00:11
2026-09-22 09:53:25,GA08(25-091),27.14,28,XXL,2026-09-22,1736,0 days 00:00:09
2026-09-22 09:54:01,GA08(25-091),28.43,28,XXL,2026-09-22,1735,0 days 00:00:36
2026-09-22 09:54:11,GA08(25-091),28.78,28,XXL,2026-09-22,1735,0 days 00:00:10
2026-09-22 09:54:19,GA08(25-091),28.63,28,XXL,2026-09-22,1735,0 days 00:00:08
2026-09-22 09:54:24,GA08(25-091),28.69,28,XXL,2026-09-22,1735,0 days 00:00:05
2026-09-22 09:54:30,GA08(25-091),28.45,28,XXL,2026-09-22,1734,0 days 00:00:06
2026-09-22 09:54:36,GA08(25-091),28.42,28,XXL,2026-09-22,1734,0 days 00:00:06
2026-09-22 09:54:42,GA08(25-091),27.94,28,XXL,2026-09-22,1734,0 days 00:00:06
2026-09-22 09:54:48,GA08(25-091),27.66,28,XXL,2026-09-22,1734,0 days 00:00:06
2026-09-22 09:54:57,GA08(25-091),27.7,28,XXL,2026-09-22,1734,0 days 00:00:09
2026-09-22 09:55:05,GA08(25-091),27.97,28,XXL,2026-09-22,1734,0 days 00:00:08
2026-09-22 09:55:13,GA08(25-091),26.87,28,XXL,2026-09-22,1734,0 days 00:00:08
2026-09-22 09:56:15,GA08(25-091),27.63,28,XXL,2026-09-22,1733,0 days 00:01:02
2026-09-22 09:56:21,GA08(25-091),27.92,28,XXL,2026-09-22,1733,0 days 00:00:06
2026-09-22 09:56:26,GA08(25-091),27.8,28,XXL,2026-09-22,1732,0 days 00:00:05
2026-09-22 09:56:32,GA08(25-091),27.74,28,XXL,2026-09-22,1732,0 days 00:00:06
2026-09-22 09:56:39,GA08(25-091),27.51,28,XXL,2026-09-22,1732,0 days 00:00:07
2026-09-22 09:56:46,GA08(25-091),28.54,28,XXL,2026-09-22,1732,0 days 00:00:07
2026-09-22 09:56:53,GA08(25-091),28.09,28,XXL,2026-09-22,1732,0 days 00:00:07
2026-09-22 09:56:59,GA08(25-091),28.06,28,XXL,2026-09-22,1732,0 days 00:00:06
2026-09-22 09:57:05,GA08(25-091),28.62,28,XXL,2026-09-22,1732,0 days 00:00:06
2026-09-22 09:57:10,GA08(25-091),29.68,28,XXL,2026-09-22,1732,0 days 00:00:05
2026-09-22 09:57:16,GA08(25-091),28.27,28,XXL,2026-09-22,1732,0 days 00:00:06
2026-09-22 09:57:20,GA08(25-091),28.23,28,XXL,2026-09-22,1732,0 days 00:00:04
2026-09-22 09:57:26,GA08(25-091),28.56,28,XXL,2026-09-22,1731,0 days 00:00:06
2026-09-22 09:57:31,GA08(25-091),28.09,28,XXL,2026-09-22,1731,0 days 00:00:05
2026-09-22 09:57:48,GA08(25-091),27.21,28,XXL,2026-09-22,1731,0 days 00:00:17
2026-09-22 09:57:53,GA08(25-091),27.71,28,XXL,2026-09-22,1731,0 days 00:00:05
2026-09-22 09:57:58,GA08(25-091),27.75,28,XXL,2026-09-22,1731,0 days 00:00:05
2026-09-22 09:58:05,GA08(25-091),28.34,28,XXL,2026-09-22,1731,0 days 00:00:07
2026-09-22 09:58:10,GA08(25-091),28.0,28,XXL,2026-09-22,1731,0 days 00:00:05
2026-09-22 09:58:18,GA08(25-091),28.25,28,XXL,2026-09-22,1731,0 days 00:00:08
2026-09-22 09:58:25,GA08(25-091),27.85,28,XXL,2026-09-22,1731,0 days 00:00:07
2026-09-22 09:58:33,GA08(25-091),28.32,28,XXL,2026-09-22,1730,0 days 00:00:08
2026-09-22 09:58:41,GA08(25-091),28.04,28,XXL,2026-09-22,1730,0 days 00:00:08
2026-09-22 09:58:46,GA08(25-091),27.92,28,XXL,2026-09-22,1730,0 days 00:00:05
2026-09-22 09:58:55,GA08(25-091),28.6,28,XXL,2026-09-22,1730,0 days 00:00:09
2026-09-22 09:59:02,GA08(25-091),27.8,28,XXL,2026-09-22,1730,0 days 00:00:07
2026-09-22 09:59:07,GA08(25-091),28.02,28,XXL,2026-09-22,1730,0 days 00:00:05
2026-09-22 09:59:12,GA08(25-091),28.38,28,XXL,2026-09-22,1730,0 days 00:00:05
2026-09-22 09:59:18,GA08(25-091),27.87,28,XXL,2026-09-22,1730,0 days 00:00:06
2026-09-22 09:59:23,GA08(25-091),28.2,28,XXL,2026-09-22,1730,0 days 00:00:05
2026-09-22 09:59:29,GA08(25-091),28.7,28,XXL,2026-09-22,1729,0 days 00:00:06
2026-09-22 09:59:34,GA08(25-091),28.11,28,XXL,2026-09-22,1729,0 days 00:00:05
2026-09-22 09:59:41,GA08(25-091),27.98,28,XXL,2026-09-22,1729,0 days 00:00:07
2026-09-22 09:59:48,GA08(25-091),28.66,28,XXL,2026-09-22,1729,0 days 00:00:07
2026-09-22 09:59:53,GA08(25-091),28.02,28,XXL,2026-09-22,1729,0 days 00:00:05
2026-09-22 09:59:59,GA08(25-091),27.84,28,XXL,2026-09-22,1729,0 days 00:00:06
2026-09-22 10:00:03,GA08(25-091),27.87,28,XXL,2026-09-22,1729,0 days 00:00:04
2026-09-22 10:00:10,GA08(25-091),28.12,28,XXL,2026-09-22,1729,0 days 00:00:07
2026-09-22 10:00:16,GA08(25-091),27.16,28,XXL,2026-09-22,1729,0 days 00:00:06
2026-09-22 10:00:23,GA08(25-091),27.8,28,XXL,2026-09-22,1729,0 days 00:00:07
2026-09-22 10:00:46,GA08(25-091),34.45,25,SXXL,2026-09-22,1728,0 days 00:00:23
2026-09-22 10:00:56,GA08(25-091),32.56,25,SXXL,2026-09-22,1728,0 days 00:00:10
2026-09-22 10:01:03,GA08(25-091),32.89,25,SXXL,2026-09-22,1728,0 days 00:00:07
2026-09-22 10:01:12,GA08(25-091),32.28,25,SXXL,2026-09-22,1728,0 days 00:00:09
2026-09-22 10:01:17,GA08(25-091),32.67,25,SXXL,2026-09-22,1728,0 days 00:00:05
2026-09-22 10:01:24,GA08(25-091),33.29,25,SXXL,2026-09-22,1728,0 days 00:00:07
2026-09-22 10:02:02,GA08(25-091),31.37,25,SXXL,2026-09-22,1727,0 days 00:00:38
2026-09-22 10:02:09,GA08(25-091),32.75,25,SXXL,2026-09-22,1727,0 days 00:00:07
2026-09-22 10:02:15,GA08(25-091),32.32,25,SXXL,2026-09-22,1727,0 days 00:00:06
2026-09-22 10:02:29,GA08(25-091),31.83,25,SXXL,2026-09-22,1726,0 days 00:00:14
2026-09-22 10:02:36,GA08(25-091),33.15,25,SXXL,2026-09-22,1726,0 days 00:00:07
2026-09-22 10:03:25,GA08(25-091),33.0,25,SXXL,2026-09-22,1726,0 days 00:00:49
2026-09-22 10:03:39,GA08(25-091),32.98,25,SXXL,2026-09-22,1725,0 days 00:00:14
2026-09-22 10:03:48,GA08(25-091),31.51,25,SXXL,2026-09-22,1725,0 days 00:00:09
2026-09-22 10:04:07,GA08(25-091),32.98,25,SXXL,2026-09-22,1725,0 days 00:00:19
2026-09-22 10:04:16,GA08(25-091),32.26,25,SXXL,2026-09-22,1725,0 days 00:00:09
2026-09-22 10:04:23,GA08(25-091),31.21,25,SXXL,2026-09-22,1725,0 days 00:00:07
2026-09-22 10:04:32,GA08(25-091),32.29,25,SXXL,2026-09-22,1724,0 days 00:00:09
2026-09-22 10:04:38,GA08(25-091),31.19,25,SXXL,2026-09-22,1724,0 days 00:00:06
2026-09-22 10:04:42,GA08(25-091),32.59,25,SXXL,2026-09-22,1724,0 days 00:00:04
2026-09-22 10:04:48,GA08(25-091),32.21,25,SXXL,2026-09-22,1724,0 days 00:00:06
2026-09-22 10:04:56,GA08(25-091),32.65,25,SXXL,2026-09-22,1724,0 days 00:00:08
2026-09-22 10:05:02,GA08(25-091),32.55,25,SXXL,2026-09-22,1724,0 days 00:00:06
2026-09-22 10:05:08,GA08(25-091),31.94,25,SXXL,2026-09-22,1724,0 days 00:00:06
2026-09-22 10:05:16,GA08(25-091),31.65,25,SXXL,2026-09-22,1724,0 days 00:00:08
2026-09-22 10:05:22,GA08(25-091),31.84,25,SXXL,2026-09-22,1724,0 days 00:00:06
2026-09-22 10:05:27,GA08(25-091),32.51,25,SXXL,2026-09-22,1723,0 days 00:00:05
2026-09-22 10:05:33,GA08(25-091),34.49,25,SXXL,2026-09-22,1723,0 days 00:00:06
2026-09-22 10:05:41,GA08(25-091),32.28,25,SXXL,2026-09-22,1723,0 days 00:00:08
2026-09-22 10:05:47,GA08(25-091),34.01,25,SXXL,2026-09-22,1723,0 days 00:00:06
2026-09-22 10:05:56,GA08(25-091),30.65,25,SXXL,2026-09-22,1723,0 days 00:00:09
2026-09-22 10:06:13,GA08(25-091),32.97,25,SXXL,2026-09-22,1723,0 days 00:00:17
2026-09-22 10:06:18,GA08(25-091),33.23,25,SXXL,2026-09-22,1723,0 days 00:00:05
2026-09-22 10:06:25,GA08(25-091),32.69,25,SXXL,2026-09-22,1723,0 days 00:00:07
2026-09-22 10:06:31,GA08(25-091),33.11,25,SXXL,2026-09-22,1722,0 days 00:00:06
2026-09-22 10:06:38,GA08(25-091),33.15,25,SXXL,2026-09-22,1722,0 days 00:00:07
2026-09-22 10:06:45,GA08(25-091),32.65,25,SXXL,2026-09-22,1722,0 days 00:00:07
2026-09-22 10:07:31,GA08(25-091),32.9,25,SXXL,2026-09-22,1721,0 days 00:00:46
2026-09-22 10:07:38,GA08(25-091),32.77,25,SXXL,2026-09-22,1721,0 days 00:00:07
2026-09-22 10:07:43,GA08(25-091),32.71,25,SXXL,2026-09-22,1721,0 days 00:00:05
2026-09-22 10:07:51,GA08(25-091),32.27,25,SXXL,2026-09-22,1721,0 days 00:00:08
2026-09-22 10:07:57,GA08(25-091),32.74,25,SXXL,2026-09-22,1721,0 days 00:00:06
2026-09-22 10:08:04,GA08(25-091),32.93,25,SXXL,2026-09-22,1721,0 days 00:00:07
2026-09-22 10:08:10,GA08(25-091),32.11,25,SXXL,2026-09-22,1721,0 days 00:00:06
2026-09-22 10:08:18,GA08(25-091),33.13,25,SXXL,2026-09-22,1721,0 days 00:00:08
2026-09-22 10:08:51,GA08(25-091),32.05,25,SXXL,2026-09-22,1720,0 days 00:00:33
2026-09-22 10:10:38,GA08(25-091),32.36,25,SXXL,2026-09-22,1718,0 days 00:01:47
2026-09-22 10:10:46,GA08(25-091),32.27,25,SXXL,2026-09-22,1718,0 days 00:00:08
2026-09-22 10:10:53,GA08(25-091),32.49,25,SXXL,2026-09-22,1718,0 days 00:00:07
2026-09-22 10:10:58,GA08(25-091),31.75,25,SXXL,2026-09-22,1718,0 days 00:00:05
2026-09-22 10:11:03,GA08(25-091),32.95,25,SXXL,2026-09-22,1718,0 days 00:00:05
2026-09-22 10:11:08,GA08(25-091),32.79,25,SXXL,2026-09-22,1718,0 days 00:00:05
2026-09-22 10:11:13,GA08(25-091),33.15,25,SXXL,2026-09-22,1718,0 days 00:00:05
2026-09-22 10:11:25,GA08(25-091),33.94,25,SXXL,2026-09-22,1718,0 days 00:00:12
2026-09-22 10:11:30,GA08(25-091),32.7,25,SXXL,2026-09-22,1717,0 days 00:00:05
2026-09-22 10:11:38,GA08(25-091),32.68,25,SXXL,2026-09-22,1717,0 days 00:00:08
2026-09-22 10:11:45,GA08(25-091),31.82,25,SXXL,2026-09-22,1717,0 days 00:00:07
2026-09-22 10:12:12,GA08(25-091),34.08,25,SXXL,2026-09-22,1717,0 days 00:00:27
2026-09-22 10:12:34,GA08(25-091),31.43,25,SXXL,2026-09-22,1716,0 days 00:00:22
2026-09-22 10:12:42,GA08(25-091),30.92,25,SXXL,2026-09-22,1716,0 days 00:00:08
2026-09-22 10:12:51,GA08(25-091),32.61,25,SXXL,2026-09-22,1716,0 days 00:00:09
2026-09-22 10:12:56,GA08(25-091),33.65,25,SXXL,2026-09-22,1716,0 days 00:00:05
2026-09-22 10:13:09,GA08(25-091),33.1,25,SXXL,2026-09-22,1716,0 days 00:00:13
2026-09-22 10:13:14,GA08(25-091),32.03,25,SXXL,2026-09-22,1716,0 days 00:00:05
2026-09-22 10:13:19,GA08(25-091),31.83,25,SXXL,2026-09-22,1716,0 days 00:00:05
2026-09-22 10:13:25,GA08(25-091),32.63,25,SXXL,2026-09-22,1716,0 days 00:00:06
2026-09-22 10:13:45,GA08(25-091),31.49,25,SXXL,2026-09-22,1715,0 days 00:00:20
2026-09-22 10:13:53,GA08(25-091),32.91,25,SXXL,2026-09-22,1715,0 days 00:00:08
2026-09-22 10:13:58,GA08(25-091),32.72,25,SXXL,2026-09-22,1715,0 days 00:00:05
2026-09-22 10:14:16,GA08(25-091),33.62,25,SXXL,2026-09-22,1715,0 days 00:00:18
2026-09-22 10:14:30,GA08(25-091),32.55,25,SXXL,2026-09-22,1714,0 days 00:00:14
2026-09-22 10:14:37,GA08(25-091),33.75,25,SXXL,2026-09-22,1714,0 days 00:00:07
2026-09-22 10:14:41,GA08(25-091),33.96,25,SXXL,2026-09-22,1714,0 days 00:00:04
2026-09-22 10:15:45,GA08(25-091),31.86,25,SXXL,2026-09-22,1713,0 days 00:01:04
2026-09-22 10:16:04,GA08(25-091),32.85,25,SXXL,2026-09-22,1713,0 days 00:00:19
2026-09-22 10:16:17,GA08(25-091),31.19,25,SXXL,2026-09-22,1713,0 days 00:00:13
2026-09-22 10:16:24,GA08(25-091),33.07,25,SXXL,2026-09-22,1713,0 days 00:00:07
2026-09-22 10:16:36,GA08(25-091),32.53,25,SXXL,2026-09-22,1712,0 days 00:00:12
2026-09-22 10:16:49,GA08(25-091),31.49,25,SXXL,2026-09-22,1712,0 days 00:00:13
2026-09-22 10:17:07,GA08(25-091),32.48,25,SXXL,2026-09-22,1712,0 days 00:00:18
2026-09-22 10:17:12,GA08(25-091),32.82,25,SXXL,2026-09-22,1712,0 days 00:00:05
2026-09-22 10:17:24,GA08(25-091),33.69,25,SXXL,2026-09-22,1712,0 days 00:00:12
2026-09-22 10:17:29,GA08(25-091),31.34,25,SXXL,2026-09-22,1711,0 days 00:00:05
2026-09-22 10:17:36,GA08(25-091),33.2,25,SXXL,2026-09-22,1711,0 days 00:00:07
2026-09-22 10:17:43,GA08(25-091),31.73,25,SXXL,2026-09-22,1711,0 days 00:00:07
2026-09-22 10:17:53,GA08(25-091),32.61,25,SXXL,2026-09-22,1711,0 days 00:00:10
2026-09-22 10:17:57,GA08(25-091),31.7,25,SXXL,2026-09-22,1711,0 days 00:00:04
2026-09-22 10:18:03,GA08(25-091),32.69,25,SXXL,2026-09-22,1711,0 days 00:00:06
2026-09-22 10:18:23,GA08(25-091),31.9,25,SXXL,2026-09-22,1711,0 days 00:00:20
2026-09-22 10:22:13,GA08(25-091),32.45,25,SXXL,2026-09-22,1707,0 days 00:03:50
2026-09-22 10:22:30,GA08(25-091),32.15,25,SXXL,2026-09-22,1706,0 days 00:00:17
2026-09-22 10:22:51,GA08(25-091),32.15,25,SXXL,2026-09-22,1706,0 days 00:00:21
2026-09-22 10:23:00,GA08(25-091),32.98,25,SXXL,2026-09-22,1706,0 days 00:00:09
2026-09-22 10:23:11,GA08(25-091),32.62,25,SXXL,2026-09-22,1706,0 days 00:00:11
2026-09-22 10:23:17,GA08(25-091),30.91,25,SXXL,2026-09-22,1706,0 days 00:00:06
2026-09-22 10:23:28,GA08(25-091),33.08,25,SXXL,2026-09-22,1705,0 days 00:00:11
2026-09-22 10:23:32,GA08(25-091),31.27,25,SXXL,2026-09-22,1705,0 days 00:00:04
2026-09-22 10:23:38,GA08(25-091),32.68,25,SXXL,2026-09-22,1705,0 days 00:00:06
2026-09-22 10:23:47,GA08(25-091),34.21,25,SXXL,2026-09-22,1705,0 days 00:00:09
2026-09-22 10:23:52,GA08(25-091),30.97,25,SXXL,2026-09-22,1705,0 days 00:00:05
2026-09-22 10:23:57,GA08(25-091),33.0,25,SXXL,2026-09-22,1705,0 days 00:00:05
2026-09-22 10:24:05,GA08(25-091),30.95,25,SXXL,2026-09-22,1705,0 days 00:00:08
2026-09-22 10:24:10,GA08(25-091),33.14,25,SXXL,2026-09-22,1705,0 days 00:00:05
2026-09-22 10:24:24,GA08(25-091),32.25,25,SXXL,2026-09-22,1705,0 days 00:00:14
2026-09-22 10:24:40,GA08(25-091),34.29,25,SXXL,2026-09-22,1704,0 days 00:00:16
2026-09-22 10:24:47,GA08(25-091),31.0,25,SXXL,2026-09-22,1704,0 days 00:00:07
2026-09-22 10:24:52,GA08(25-091),34.67,25,SXXL,2026-09-22,1704,0 days 00:00:05
2026-09-22 10:24:58,GA08(25-091),31.73,25,SXXL,2026-09-22,1704,0 days 00:00:06
2026-09-22 10:25:08,GA08(25-091),32.54,25,SXXL,2026-09-22,1704,0 days 00:00:10
2026-09-22 10:25:18,GA08(25-091),31.75,25,SXXL,2026-09-22,1704,0 days 00:00:10
2026-09-22 10:25:23,GA08(25-091),33.03,25,SXXL,2026-09-22,1704,0 days 00:00:05
2026-09-22 10:25:28,GA08(25-091),31.91,25,SXXL,2026-09-22,1703,0 days 00:00:05
2026-09-22 10:25:33,GA08(25-091),31.29,25,SXXL,2026-09-22,1703,0 days 00:00:05
2026-09-22 10:25:39,GA08(25-091),32.96,25,SXXL,2026-09-22,1703,0 days 00:00:06
2026-09-22 10:25:47,GA08(25-091),31.86,25,SXXL,2026-09-22,1703,0 days 00:00:08
2026-09-22 10:25:52,GA08(25-091),32.21,25,SXXL,2026-09-22,1703,0 days 00:00:05
2026-09-22 10:25:58,GA08(25-091),31.6,25,SXXL,2026-09-22,1703,0 days 00:00:06
2026-09-22 10:26:04,GA08(25-091),33.49,25,SXXL,2026-09-22,1703,0 days 00:00:06
2026-09-22 10:26:11,GA08(25-091),34.46,25,SXXL,2026-09-22,1703,0 days 00:00:07
2026-09-22 10:26:16,GA08(25-091),31.93,25,SXXL,2026-09-22,1703,0 days 00:00:05
2026-09-22 10:26:24,GA08(25-091),31.61,25,SXXL,2026-09-22,1703,0 days 00:00:08
2026-09-22 10:26:31,GA08(25-091),32.14,25,SXXL,2026-09-22,1702,0 days 00:00:07
2026-09-22 10:28:57,GA08(25-091),32.08,25,SXXL,2026-09-22,1700,0 days 00:02:26
2026-09-22 10:29:02,GA08(25-091),32.96,25,SXXL,2026-09-22,1700,0 days 00:00:05
2026-09-22 10:29:06,GA08(25-091),32.1,25,SXXL,2026-09-22,1700,0 days 00:00:04
2026-09-22 10:29:10,GA08(25-091),33.79,25,SXXL,2026-09-22,1700,0 days 00:00:04
2026-09-22 10:29:15,GA08(25-091),32.81,25,SXXL,2026-09-22,1700,0 days 00:00:05
2026-09-22 10:29:19,GA08(25-091),32.39,25,SXXL,2026-09-22,1700,0 days 00:00:04
2026-09-22 10:29:25,GA08(25-091),31.14,25,SXXL,2026-09-22,1700,0 days 00:00:06
2026-09-22 10:29:29,GA08(25-091),32.82,25,SXXL,2026-09-22,1699,0 days 00:00:04
2026-09-22 10:29:34,GA08(25-091),32.23,25,SXXL,2026-09-22,1699,0 days 00:00:05
2026-09-22 10:29:39,GA08(25-091),31.28,25,SXXL,2026-09-22,1699,0 days 00:00:05
2026-09-22 10:29:45,GA08(25-091),31.48,25,SXXL,2026-09-22,1699,0 days 00:00:06
2026-09-22 10:29:50,GA08(25-091),30.84,25,SXXL,2026-09-22,1699,0 days 00:00:05
2026-09-22 10:29:55,GA08(25-091),33.02,25,SXXL,2026-09-22,1699,0 days 00:00:05
2026-09-22 10:30:01,GA08(25-091),31.53,25,SXXL,2026-09-22,1699,0 days 00:00:06
2026-09-22 10:30:12,GA08(25-091),32.5,25,SXXL,2026-09-22,1699,0 days 00:00:11
2026-09-22 10:30:21,GA08(25-091),30.67,25,SXXL,2026-09-22,1699,0 days 00:00:09
2026-09-22 10:30:26,GA08(25-091),32.33,25,SXXL,2026-09-22,1698,0 days 00:00:05
2026-09-22 10:30:32,GA08(25-091),30.69,25,SXXL,2026-09-22,1698,0 days 00:00:06
2026-09-22 10:30:43,GA08(25-091),31.45,25,SXXL,2026-09-22,1698,0 days 00:00:11
2026-09-22 10:30:50,GA08(25-091),32.79,25,SXXL,2026-09-22,1698,0 days 00:00:07
2026-09-22 10:30:56,GA08(25-091),32.77,25,SXXL,2026-09-22,1698,0 days 00:00:06
2026-09-22 10:31:05,GA08(25-091),30.09,25,SXXL,2026-09-22,1698,0 days 00:00:09
2026-09-22 10:31:10,GA08(25-091),32.88,25,SXXL,2026-09-22,1698,0 days 00:00:05
2026-09-22 10:32:05,GA08(25-091),32.08,25,SXXL,2026-09-22,1697,0 days 00:00:55
2026-09-22 10:32:13,GA08(25-091),32.89,25,SXXL,2026-09-22,1697,0 days 00:00:08
2026-09-22 10:32:20,GA08(25-091),31.77,25,SXXL,2026-09-22,1697,0 days 00:00:07
2026-09-22 10:32:27,GA08(25-091),31.69,25,SXXL,2026-09-22,1696,0 days 00:00:07
2026-09-22 10:32:33,GA08(25-091),31.33,25,SXXL,2026-09-22,1696,0 days 00:00:06
2026-09-22 10:32:38,GA08(25-091),32.37,25,SXXL,2026-09-22,1696,0 days 00:00:05
2026-09-22 10:32:44,GA08(25-091),31.73,25,SXXL,2026-09-22,1696,0 days 00:00:06
2026-09-22 10:34:28,GA08(25-091),33.65,25,SXXL,2026-09-22,1694,0 days 00:01:44
2026-09-22 10:34:45,GA08(25-091),31.76,25,SXXL,2026-09-22,1694,0 days 00:00:17
2026-09-22 10:34:51,GA08(25-091),32.72,25,SXXL,2026-09-22,1694,0 days 00:00:06
2026-09-22 10:34:58,GA08(25-091),31.37,25,SXXL,2026-09-22,1694,0 days 00:00:07
2026-09-22 10:35:02,GA08(25-091),32.34,25,SXXL,2026-09-22,1694,0 days 00:00:04
2026-09-22 10:35:08,GA08(25-091),31.08,25,SXXL,2026-09-22,1694,0 days 00:00:06
2026-09-22 10:35:13,GA08(25-091),31.9,25,SXXL,2026-09-22,1694,0 days 00:00:05
2026-09-22 10:35:18,GA08(25-091),31.29,25,SXXL,2026-09-22,1694,0 days 00:00:05
2026-09-22 10:35:25,GA08(25-091),33.39,25,SXXL,2026-09-22,1694,0 days 00:00:07
2026-09-22 10:35:31,GA08(25-091),31.87,25,SXXL,2026-09-22,1693,0 days 00:00:06
2026-09-22 10:36:03,GA08(25-091),32.04,25,SXXL,2026-09-22,1693,0 days 00:00:32
2026-09-22 10:36:10,GA08(25-091),32.48,25,SXXL,2026-09-22,1693,0 days 00:00:07
2026-09-22 10:36:14,GA08(25-091),33.2,25,SXXL,2026-09-22,1693,0 days 00:00:04
2026-09-22 10:36:20,GA08(25-091),30.53,25,SXXL,2026-09-22,1693,0 days 00:00:06
2026-09-22 10:36:24,GA08(25-091),32.75,25,SXXL,2026-09-22,1693,0 days 00:00:04
2026-09-22 10:36:34,GA08(25-091),32.98,25,SXXL,2026-09-22,1692,0 days 00:00:10
2026-09-22 10:37:07,GA08(25-091),14.09,11,SXXL,2026-09-22,1692,0 days 00:00:33
2026-09-22 10:37:30,GA08(25-091),32.95,25,SXXL,2026-09-22,1691,0 days 00:00:23
2026-09-22 10:37:36,GA08(25-091),31.29,25,SXXL,2026-09-22,1691,0 days 00:00:06
2026-09-22 10:37:45,GA08(25-091),32.14,25,SXXL,2026-09-22,1691,0 days 00:00:09
2026-09-22 10:37:50,GA08(25-091),31.74,25,SXXL,2026-09-22,1691,0 days 00:00:05
2026-09-22 10:38:03,GA08(25-091),31.79,25,SXXL,2026-09-22,1691,0 days 00:00:13
2026-09-22 10:38:08,GA08(25-091),32.07,25,SXXL,2026-09-22,1691,0 days 00:00:05
2026-09-22 10:38:13,GA08(25-091),32.47,25,SXXL,2026-09-22,1691,0 days 00:00:05
2026-09-22 10:38:19,GA08(25-091),31.46,25,SXXL,2026-09-22,1691,0 days 00:00:06
2026-09-22 10:38:24,GA08(25-091),33.29,25,SXXL,2026-09-22,1691,0 days 00:00:05
2026-09-22 10:38:29,GA08(25-091),33.6,25,SXXL,2026-09-22,1690,0 days 00:00:05
2026-09-22 10:39:06,GA08(25-091),32.91,25,SXXL,2026-09-22,1690,0 days 00:00:37
2026-09-22 10:39:11,GA08(25-091),30.53,25,SXXL,2026-09-22,1690,0 days 00:00:05
2026-09-22 10:39:17,GA08(25-091),31.97,25,SXXL,2026-09-22,1690,0 days 00:00:06
2026-09-22 10:39:43,GA08(25-091),27.54,28,XXL,2026-09-22,1689,0 days 00:00:26
2026-09-22 10:39:53,GA08(25-091),28.06,28,XXL,2026-09-22,1689,0 days 00:00:10
2026-09-22 10:40:05,GA08(25-091),28.08,28,XXL,2026-09-22,1689,0 days 00:00:12
2026-09-22 10:40:12,GA08(25-091),27.86,28,XXL,2026-09-22,1689,0 days 00:00:07
2026-09-22 10:40:17,GA08(25-091),28.19,28,XXL,2026-09-22,1689,0 days 00:00:05
2026-09-22 10:40:22,GA08(25-091),28.29,28,XXL,2026-09-22,1689,0 days 00:00:05
2026-09-22 10:40:31,GA08(25-091),27.68,28,XXL,2026-09-22,1688,0 days 00:00:09
2026-09-22 10:40:41,GA08(25-091),27.8,28,XXL,2026-09-22,1688,0 days 00:00:10
2026-09-22 10:40:49,GA08(25-091),28.06,28,XXL,2026-09-22,1688,0 days 00:00:08
2026-09-22 10:41:05,GA08(25-091),28.05,28,XXL,2026-09-22,1688,0 days 00:00:16
2026-09-22 10:41:14,GA08(25-091),27.94,28,XXL,2026-09-22,1688,0 days 00:00:09
2026-09-22 10:41:24,GA08(25-091),28.3,28,XXL,2026-09-22,1688,0 days 00:00:10
2026-09-22 10:42:23,GA08(25-091),28.31,28,XXL,2026-09-22,1687,0 days 00:00:59
2026-09-22 10:42:37,GA08(25-091),28.05,28,XXL,2026-09-22,1686,0 days 00:00:14
2026-09-22 10:42:49,GA08(25-091),28.13,28,XXL,2026-09-22,1686,0 days 00:00:12
2026-09-22 10:43:00,GA08(25-091),28.69,28,XXL,2026-09-22,1686,0 days 00:00:11
2026-09-22 10:43:12,GA08(25-091),27.58,28,XXL,2026-09-22,1686,0 days 00:00:12
2026-09-22 10:43:21,GA08(25-091),28.41,28,XXL,2026-09-22,1686,0 days 00:00:09
2026-09-22 10:43:31,GA08(25-091),27.94,28,XXL,2026-09-22,1685,0 days 00:00:10
2026-09-22 10:43:40,GA08(25-091),27.6,28,XXL,2026-09-22,1685,0 days 00:00:09
2026-09-22 10:44:11,GA08(25-091),28.27,28,XXL,2026-09-22,1685,0 days 00:00:31
2026-09-22 10:44:26,GA08(25-091),28.43,28,XXL,2026-09-22,1684,0 days 00:00:15
2026-09-22 10:44:41,GA08(25-091),28.08,28,XXL,2026-09-22,1684,0 days 00:00:15
2026-09-22 10:44:52,GA08(25-091),28.87,28,XXL,2026-09-22,1684,0 days 00:00:11
2026-09-22 10:45:02,GA08(25-091),27.85,28,XXL,2026-09-22,1684,0 days 00:00:10
2026-09-22 10:45:13,GA08(25-091),27.88,28,XXL,2026-09-22,1684,0 days 00:00:11
2026-09-22 10:45:22,GA08(25-091),27.95,28,XXL,2026-09-22,1684,0 days 00:00:09
2026-09-22 10:45:32,GA08(25-091),28.29,28,XXL,2026-09-22,1683,0 days 00:00:10
2026-09-22 10:45:45,GA08(25-091),28.04,28,XXL,2026-09-22,1683,0 days 00:00:13
2026-09-22 10:45:56,GA08(25-091),27.4,28,XXL,2026-09-22,1683,0 days 00:00:11
2026-09-22 10:46:10,GA08(25-091),27.89,28,XXL,2026-09-22,1683,0 days 00:00:14
2026-09-22 10:46:28,GA08(25-091),28.06,28,XXL,2026-09-22,1682,0 days 00:00:18
2026-09-22 10:49:51,GA08(25-091),27.69,28,XXL,2026-09-22,1679,0 days 00:03:23
2026-09-22 10:49:57,GA08(25-091),28.33,28,XXL,2026-09-22,1679,0 days 00:00:06
2026-09-22 10:50:04,GA08(25-091),28.17,28,XXL,2026-09-22,1679,0 days 00:00:07
2026-09-22 10:50:11,GA08(25-091),28.17,28,XXL,2026-09-22,1679,0 days 00:00:07
2026-09-22 10:50:16,GA08(25-091),27.9,28,XXL,2026-09-22,1679,0 days 00:00:05
2026-09-22 10:50:22,GA08(25-091),27.38,28,XXL,2026-09-22,1679,0 days 00:00:06
2026-09-22 10:50:27,GA08(25-091),27.61,28,XXL,2026-09-22,1678,0 days 00:00:05
2026-09-22 10:50:38,GA08(25-091),27.9,28,XXL,2026-09-22,1678,0 days 00:00:11
2026-09-22 10:50:44,GA08(25-091),27.14,28,XXL,2026-09-22,1678,0 days 00:00:06
2026-09-22 10:50:49,GA08(25-091),27.71,28,XXL,2026-09-22,1678,0 days 00:00:05
2026-09-22 10:50:56,GA08(25-091),28.01,28,XXL,2026-09-22,1678,0 days 00:00:07
2026-09-22 10:51:05,GA08(25-091),27.89,28,XXL,2026-09-22,1678,0 days 00:00:09
2026-09-22 10:51:11,GA08(25-091),27.58,28,XXL,2026-09-22,1678,0 days 00:00:06
2026-09-22 10:51:17,GA08(25-091),27.98,28,XXL,2026-09-22,1678,0 days 00:00:06
2026-09-22 10:51:25,GA08(25-091),28.46,28,XXL,2026-09-22,1678,0 days 00:00:08
2026-09-22 10:51:31,GA08(25-091),28.24,28,XXL,2026-09-22,1677,0 days 00:00:06
2026-09-22 10:51:36,GA08(25-091),28.05,28,XXL,2026-09-22,1677,0 days 00:00:05
2026-09-22 10:51:42,GA08(25-091),27.81,28,XXL,2026-09-22,1677,0 days 00:00:06
2026-09-22 10:52:00,GA08(25-091),30.74,44,Extra Large,2026-09-22,1677,0 days 00:00:18
2026-09-22 10:52:08,GA08(25-091),34.57,44,Extra Large,2026-09-22,1677,0 days 00:00:08
2026-09-22 10:52:14,GA08(25-091),32.68,44,Extra Large,2026-09-22,1677,0 days 00:00:06
2026-09-22 10:52:20,GA08(25-091),34.25,44,Extra Large,2026-09-22,1677,0 days 00:00:06
2026-09-22 10:52:49,GA08(25-091),27.48,28,XXL,2026-09-22,1676,0 days 00:00:29
2026-09-22 10:52:55,GA08(25-091),27.43,28,XXL,2026-09-22,1676,0 days 00:00:06
2026-09-22 10:53:22,GA08(25-091),28.21,28,XXL,2026-09-22,1676,0 days 00:00:27
2026-09-22 10:53:34,GA08(25-091),29.13,28,XXL,2026-09-22,1675,0 days 00:00:12
2026-09-22 10:53:41,GA08(25-091),27.98,28,XXL,2026-09-22,1675,0 days 00:00:07
2026-09-22 10:53:52,GA08(25-091),29.21,28,XXL,2026-09-22,1675,0 days 00:00:11
2026-09-22 10:54:02,GA08(25-091),28.83,28,XXL,2026-09-22,1675,0 days 00:00:10
2026-09-22 10:54:08,GA08(25-091),28.55,28,XXL,2026-09-22,1675,0 days 00:00:06
2026-09-22 10:54:16,GA08(25-091),28.19,28,XXL,2026-09-22,1675,0 days 00:00:08
2026-09-22 10:54:38,GA08(25-091),28.15,28,XXL,2026-09-22,1674,0 days 00:00:22
2026-09-22 10:54:43,GA08(25-091),28.23,28,XXL,2026-09-22,1674,0 days 00:00:05
2026-09-22 10:56:21,GA08(25-091),27.82,28,XXL,2026-09-22,1673,0 days 00:01:38
2026-09-22 10:56:35,GA08(25-091),27.96,28,XXL,2026-09-22,1672,0 days 00:00:14
2026-09-22 10:56:44,GA08(25-091),27.53,28,XXL,2026-09-22,1672,0 days 00:00:09
2026-09-22 10:57:23,GA08(25-091),17.71,19,XXL,2026-09-22,1672,0 days 00:00:39
2026-09-22 10:57:43,GA08(25-091),31.93,44,Extra Large,2026-09-22,1671,0 days 00:00:20
2026-09-22 10:57:49,GA08(25-091),34.28,44,Extra Large,2026-09-22,1671,0 days 00:00:06
2026-09-22 10:57:54,GA08(25-091),34.17,44,Extra Large,2026-09-22,1671,0 days 00:00:05
2026-09-22 10:57:59,GA08(25-091),33.69,44,Extra Large,2026-09-22,1671,0 days 00:00:05
2026-09-22 10:58:05,GA08(25-091),32.81,44,Extra Large,2026-09-22,1671,0 days 00:00:06
2026-09-22 10:58:10,GA08(25-091),35.05,44,Extra Large,2026-09-22,1671,0 days 00:00:05
2026-09-22 10:58:14,GA08(25-091),34.33,44,Extra Large,2026-09-22,1671,0 days 00:00:04
2026-09-22 10:58:20,GA08(25-091),34.36,44,Extra Large,2026-09-22,1671,0 days 00:00:06
2026-09-22 10:58:28,GA08(25-091),34.84,44,Extra Large,2026-09-22,1670,0 days 00:00:08
2026-09-22 10:58:33,GA08(25-091),33.83,44,Extra Large,2026-09-22,1670,0 days 00:00:05
2026-09-22 10:58:38,GA08(25-091),33.8,44,Extra Large,2026-09-22,1670,0 days 00:00:05
2026-09-22 10:58:53,GA08(25-091),34.65,44,Extra Large,2026-09-22,1670,0 days 00:00:15
2026-09-22 10:58:58,GA08(25-091),35.0,44,Extra Large,2026-09-22,1670,0 days 00:00:05
2026-09-22 10:59:04,GA08(25-091),34.12,44,Extra Large,2026-09-22,1670,0 days 00:00:06
2026-09-22 10:59:10,GA08(25-091),32.94,44,Extra Large,2026-09-22,1670,0 days 00:00:06
2026-09-22 10:59:15,GA08(25-091),34.07,44,Extra Large,2026-09-22,1670,0 days 00:00:05
2026-09-22 10:59:19,GA08(25-091),34.41,44,Extra Large,2026-09-22,1670,0 days 00:00:04
2026-09-22 10:59:23,GA08(25-091),34.24,44,Extra Large,2026-09-22,1670,0 days 00:00:04
2026-09-22 10:59:28,GA08(25-091),33.37,44,Extra Large,2026-09-22,1669,0 days 00:00:05
2026-09-22 10:59:32,GA08(25-091),35.09,44,Extra Large,2026-09-22,1669,0 days 00:00:04
2026-09-22 10:59:36,GA08(25-091),34.91,44,Extra Large,2026-09-22,1669,0 days 00:00:04
2026-09-22 10:59:41,GA08(25-091),33.51,44,Extra Large,2026-09-22,1669,0 days 00:00:05
2026-09-22 10:59:49,GA08(25-091),34.27,44,Extra Large,2026-09-22,1669,0 days 00:00:08
2026-09-22 10:59:54,GA08(25-091),34.06,44,Extra Large,2026-09-22,1669,0 days 00:00:05
2026-09-22 10:59:59,GA08(25-091),34.0,44,Extra Large,2026-09-22,1669,0 days 00:00:05
2026-09-22 11:00:03,GA08(25-091),33.94,44,Extra Large,2026-09-22,1669,0 days 00:00:04
2026-09-22 11:00:11,GA08(25-091),34.72,44,Extra Large,2026-09-22,1669,0 days 00:00:08
2026-09-22 11:00:16,GA08(25-091),33.53,44,Extra Large,2026-09-22,1669,0 days 00:00:05
2026-09-22 11:00:21,GA08(25-091),34.29,44,Extra Large,2026-09-22,1669,0 days 00:00:05
2026-09-22 11:00:32,GA08(25-091),33.64,44,Extra Large,2026-09-22,1668,0 days 00:00:11
2026-09-22 11:01:31,GA08(25-091),35.32,44,Extra Large,2026-09-22,1667,0 days 00:00:59
2026-09-22 11:01:36,GA08(25-091),34.57,44,Extra Large,2026-09-22,1667,0 days 00:00:05
2026-09-22 11:01:44,GA08(25-091),34.78,44,Extra Large,2026-09-22,1667,0 days 00:00:08
2026-09-22 11:01:49,GA08(25-091),35.27,44,Extra Large,2026-09-22,1667,0 days 00:00:05
2026-09-22 11:01:55,GA08(25-091),34.0,44,Extra Large,2026-09-22,1667,0 days 00:00:06
2026-09-22 11:03:05,GA08(25-091),33.69,44,Extra Large,2026-09-22,1666,0 days 00:01:10
2026-09-22 11:03:11,GA08(25-091),33.91,44,Extra Large,2026-09-22,1666,0 days 00:00:06
2026-09-22 11:03:16,GA08(25-091),33.93,44,Extra Large,2026-09-22,1666,0 days 00:00:05
2026-09-22 11:03:25,GA08(25-091),33.43,44,Extra Large,2026-09-22,1666,0 days 00:00:09
2026-09-22 11:03:29,GA08(25-091),33.49,44,Extra Large,2026-09-22,1665,0 days 00:00:04
2026-09-22 11:03:38,GA08(25-091),33.72,44,Extra Large,2026-09-22,1665,0 days 00:00:09
2026-09-22 11:03:44,GA08(25-091),33.76,44,Extra Large,2026-09-22,1665,0 days 00:00:06
2026-09-22 11:04:01,GA08(25-091),7.51,10,Extra Large,2026-09-22,1665,0 days 00:00:17
2026-09-22 11:04:22,GA08(25-091),34.86,84,Medium,2026-09-22,1665,0 days 00:00:21
2026-09-22 11:04:31,GA08(25-091),34.03,84,Medium,2026-09-22,1664,0 days 00:00:09
2026-09-22 11:04:39,GA08(25-091),23.27,60,Medium,2026-09-22,1664,0 days 00:00:08
2026-09-22 11:04:50,GA08(25-091),20.23,70,Small,2026-09-22,1664,0 days 00:00:11
2026-09-22 11:05:10,GA08(25-091),39.68,120,Small,2026-09-22,1664,0 days 00:00:20
2026-09-22 11:05:20,GA08(25-091),0.73,3,Small,2026-09-22,1664,0 days 00:00:10
2026-09-22 11:05:29,GA08(25-091),38.42,72,Large,2026-09-22,1663,0 days 00:00:09
2026-09-22 11:05:37,GA08(25-091),37.85,72,Large,2026-09-22,1663,0 days 00:00:08
2026-09-22 11:05:42,GA08(25-091),39.16,72,Large,2026-09-22,1663,0 days 00:00:05
2026-09-22 11:05:52,GA08(25-091),39.82,72,Large,2026-09-22,1663,0 days 00:00:10
2026-09-22 11:05:57,GA08(25-091),38.68,72,Large,2026-09-22,1663,0 days 00:00:05
2026-09-22 11:06:05,GA08(25-091),38.53,72,Large,2026-09-22,1663,0 days 00:00:08
2026-09-22 11:06:13,GA08(25-091),38.09,72,Large,2026-09-22,1663,0 days 00:00:08
2026-09-22 11:06:18,GA08(25-091),38.37,72,Large,2026-09-22,1663,0 days 00:00:05
2026-09-22 11:06:24,GA08(25-091),37.8,72,Large,2026-09-22,1663,0 days 00:00:06
2026-09-22 11:06:36,GA08(25-091),36.51,72,Large,2026-09-22,1662,0 days 00:00:12
2026-09-22 11:06:43,GA08(25-091),36.28,72,Large,2026-09-22,1662,0 days 00:00:07
2026-09-22 11:06:56,GA08(25-091),35.78,67,Large,2026-09-22,1662,0 days 00:00:13
2026-09-22 11:07:41,GA08(25-091),12.97,12,Mortality,2026-09-22,1661,0 days 00:00:45
2026-09-22 11:07:55,GA08(25-091),12.4,11,Mortality,2026-09-22,1661,0 days 00:00:14
2026-09-22 11:08:23,GA08(25-091),29.09,37,HExtra Large,2026-09-22,1661,0 days 00:00:28
2026-09-22 11:08:54,GA08(25-091),16.65,21,HExtra Large,2026-09-22,1660,0 days 00:00:31
2026-09-22 11:09:27,GA08(25-091),16.03,14,HSXXL,2026-09-22,1659,0 days 00:00:33
2026-09-22 11:09:46,GA08(25-091),25.75,26,HXXL,2026-09-22,1659,0 days 00:00:19
2026-09-22 11:10:02,GA08(25-091),4.67,18,HSmall,2026-09-22,1659,0 days 00:00:16
2026-09-22 11:10:15,GA08(25-091),5.24,13,HMedium,2026-09-22,1659,0 days 00:00:13
2026-09-22 11:10:31,GA08(25-091),10.28,20,HLarge,2026-09-22,1658,0 days 00:00:16
2026-09-22 11:10:51,GA08(25-091),1.8,13,Below 150,2026-09-22,1658,0 days 00:00:20
2026-09-22 11:11:06,GA08(25-091),2.37,13,Extra Small,2026-09-22,1658,0 days 00:00:15
2026-09-22 11:11:34,GB09(26-023),38.95,72,Large,2026-09-22,1657,0 days 00:00:28
2026-09-22 11:11:42,GB09(26-023),37.22,72,Large,2026-09-22,1657,0 days 00:00:08
2026-09-22 11:11:54,GB09(26-023),37.8,72,Large,2026-09-22,1657,0 days 00:00:12
2026-09-22 11:12:09,GB09(26-023),37.8,72,Large,2026-09-22,1657,0 days 00:00:15
2026-09-22 11:13:02,GB09(26-023),38.85,72,Large,2026-09-22,1656,0 days 00:00:53
2026-09-22 11:13:09,GB09(26-023),37.39,72,Large,2026-09-22,1656,0 days 00:00:07
2026-09-22 11:13:16,GB09(26-023),36.91,72,Large,2026-09-22,1656,0 days 00:00:07
2026-09-22 11:13:23,GB09(26-023),36.67,72,Large,2026-09-22,1656,0 days 00:00:07
2026-09-22 11:13:32,GB09(26-023),37.23,72,Large,2026-09-22,1655,0 days 00:00:09
2026-09-22 11:13:39,GB09(26-023),36.58,72,Large,2026-09-22,1655,0 days 00:00:07
2026-09-22 11:13:51,GB09(26-023),37.71,72,Large,2026-09-22,1655,0 days 00:00:12
2026-09-22 11:14:23,GB09(26-023),36.49,72,Large,2026-09-22,1655,0 days 00:00:32
2026-09-22 11:16:00,GB09(26-023),37.88,72,Large,2026-09-22,1653,0 days 00:01:37
2026-09-22 11:16:46,GB09(26-023),38.89,72,Large,2026-09-22,1652,0 days 00:00:46
2026-09-22 11:16:55,GB09(26-023),39.48,72,Large,2026-09-22,1652,0 days 00:00:09
2026-09-22 11:17:05,GB09(26-023),39.34,72,Large,2026-09-22,1652,0 days 00:00:10
2026-09-22 11:17:21,GB09(26-023),38.72,72,Large,2026-09-22,1652,0 days 00:00:16
2026-09-22 11:17:25,GB09(26-023),38.01,72,Large,2026-09-22,1652,0 days 00:00:04
2026-09-22 11:17:32,GB09(26-023),38.06,72,Large,2026-09-22,1651,0 days 00:00:07
2026-09-22 11:17:39,GB09(26-023),37.42,72,Large,2026-09-22,1651,0 days 00:00:07
2026-09-22 11:17:44,GB09(26-023),37.98,72,Large,2026-09-22,1651,0 days 00:00:05
2026-09-22 11:17:49,GB09(26-023),37.86,72,Large,2026-09-22,1651,0 days 00:00:05
2026-09-22 11:17:54,GB09(26-023),38.23,72,Large,2026-09-22,1651,0 days 00:00:05
2026-09-22 11:17:58,GB09(26-023),37.58,72,Large,2026-09-22,1651,0 days 00:00:04
2026-09-22 11:18:09,GB09(26-023),37.96,72,Large,2026-09-22,1651,0 days 00:00:11
2026-09-22 11:18:19,GB09(26-023),38.01,72,Large,2026-09-22,1651,0 days 00:00:10
2026-09-22 11:18:26,GB09(26-023),38.72,72,Large,2026-09-22,1650,0 days 00:00:07
2026-09-22 11:18:30,GB09(26-023),38.7,72,Large,2026-09-22,1650,0 days 00:00:04
2026-09-22 11:18:42,GB09(26-023),37.89,72,Large,2026-09-22,1650,0 days 00:00:12
2026-09-22 11:18:51,GB09(26-023),38.75,72,Large,2026-09-22,1650,0 days 00:00:09
2026-09-22 11:18:57,GB09(26-023),38.03,72,Large,2026-09-22,1650,0 days 00:00:06
2026-09-22 11:19:04,GB09(26-023),38.94,72,Large,2026-09-22,1650,0 days 00:00:07
2026-09-22 11:19:19,GB09(26-023),38.22,72,Large,2026-09-22,1650,0 days 00:00:15
2026-09-22 11:19:56,GB09(26-023),38.41,72,Large,2026-09-22,1649,0 days 00:00:37
2026-09-22 11:20:01,GB09(26-023),37.69,72,Large,2026-09-22,1649,0 days 00:00:05
2026-09-22 11:20:06,GB09(26-023),37.82,72,Large,2026-09-22,1649,0 days 00:00:05
2026-09-22 11:20:11,GB09(26-023),40.02,72,Large,2026-09-22,1649,0 days 00:00:05
2026-09-22 11:20:20,GB09(26-023),37.19,72,Large,2026-09-22,1649,0 days 00:00:09
2026-09-22 11:20:29,GB09(26-023),37.12,72,Large,2026-09-22,1648,0 days 00:00:09
2026-09-22 11:20:34,GB09(26-023),38.46,72,Large,2026-09-22,1648,0 days 00:00:05
2026-09-22 11:20:51,GB09(26-023),38.14,72,Large,2026-09-22,1648,0 days 00:00:17
2026-09-22 11:20:58,GB09(26-023),37.7,72,Large,2026-09-22,1648,0 days 00:00:07
2026-09-22 11:21:05,GB09(26-023),37.8,72,Large,2026-09-22,1648,0 days 00:00:07
2026-09-22 11:21:10,GB09(26-023),37.72,72,Large,2026-09-22,1648,0 days 00:00:05
2026-09-22 11:21:17,GB09(26-023),39.46,72,Large,2026-09-22,1648,0 days 00:00:07
2026-09-22 11:21:21,GB09(26-023),37.66,72,Large,2026-09-22,1648,0 days 00:00:04
2026-09-22 11:21:26,GB09(26-023),37.22,72,Large,2026-09-22,1647,0 days 00:00:05
2026-09-22 11:21:30,GB09(26-023),37.03,72,Large,2026-09-22,1647,0 days 00:00:04
2026-09-22 11:21:45,GB09(26-023),31.85,44,Extra Large,2026-09-22,1647,0 days 00:00:15
2026-09-22 11:21:50,GB09(26-023),32.01,44,Extra Large,2026-09-22,1647,0 days 00:00:05
2026-09-22 11:21:54,GB09(26-023),28.94,44,Extra Large,2026-09-22,1647,0 days 00:00:04
2026-09-22 11:22:07,GB09(26-023),29.37,44,Extra Large,2026-09-22,1647,0 days 00:00:13
2026-09-22 11:22:11,GB09(26-023),30.96,44,Extra Large,2026-09-22,1647,0 days 00:00:04
2026-09-22 11:22:22,GB09(26-023),30.79,44,Extra Large,2026-09-22,1647,0 days 00:00:11
2026-09-22 11:22:26,GB09(26-023),31.25,44,Extra Large,2026-09-22,1646,0 days 00:00:04
2026-09-22 11:22:32,GB09(26-023),31.21,44,Extra Large,2026-09-22,1646,0 days 00:00:06
2026-09-22 11:22:36,GB09(26-023),31.44,44,Extra Large,2026-09-22,1646,0 days 00:00:04
2026-09-22 11:22:44,GB09(26-023),30.74,44,Extra Large,2026-09-22,1646,0 days 00:00:08
2026-09-22 11:22:51,GB09(26-023),30.82,44,Extra Large,2026-09-22,1646,0 days 00:00:07
2026-09-22 11:22:55,GB09(26-023),31.33,44,Extra Large,2026-09-22,1646,0 days 00:00:04
2026-09-22 11:23:01,GB09(26-023),31.1,44,Extra Large,2026-09-22,1646,0 days 00:00:06
2026-09-22 11:23:05,GB09(26-023),31.69,44,Extra Large,2026-09-22,1646,0 days 00:00:04
2026-09-22 11:23:12,GB09(26-023),30.33,44,Extra Large,2026-09-22,1646,0 days 00:00:07
2026-09-22 11:23:16,GB09(26-023),31.29,44,Extra Large,2026-09-22,1646,0 days 00:00:04
2026-09-22 11:23:22,GB09(26-023),30.41,44,Extra Large,2026-09-22,1646,0 days 00:00:06
2026-09-22 11:23:27,GB09(26-023),30.5,44,Extra Large,2026-09-22,1645,0 days 00:00:05
2026-09-22 11:23:31,GB09(26-023),30.66,44,Extra Large,2026-09-22,1645,0 days 00:00:04
2026-09-22 11:23:35,GB09(26-023),30.06,44,Extra Large,2026-09-22,1645,0 days 00:00:04
2026-09-22 11:23:40,GB09(26-023),32.01,44,Extra Large,2026-09-22,1645,0 days 00:00:05
2026-09-22 11:24:15,GB09(26-023),29.78,44,Extra Large,2026-09-22,1645,0 days 00:00:35
2026-09-22 11:24:20,GB09(26-023),29.98,44,Extra Large,2026-09-22,1645,0 days 00:00:05
2026-09-22 11:24:25,GB09(26-023),29.85,44,Extra Large,2026-09-22,1645,0 days 00:00:05
2026-09-22 11:24:31,GB09(26-023),29.9,44,Extra Large,2026-09-22,1644,0 days 00:00:06
2026-09-22 11:24:35,GB09(26-023),30.08,44,Extra Large,2026-09-22,1644,0 days 00:00:04
2026-09-22 11:24:39,GB09(26-023),29.26,44,Extra Large,2026-09-22,1644,0 days 00:00:04
2026-09-22 11:24:44,GB09(26-023),30.66,44,Extra Large,2026-09-22,1644,0 days 00:00:05
2026-09-22 11:24:50,GB09(26-023),29.96,44,Extra Large,2026-09-22,1644,0 days 00:00:06
2026-09-22 11:24:55,GB09(26-023),29.29,44,Extra Large,2026-09-22,1644,0 days 00:00:05
2026-09-22 11:25:00,GB09(26-023),30.18,44,Extra Large,2026-09-22,1644,0 days 00:00:05
2026-09-22 11:25:05,GB09(26-023),30.74,44,Extra Large,2026-09-22,1644,0 days 00:00:05
2026-09-22 11:25:09,GB09(26-023),30.77,44,Extra Large,2026-09-22,1644,0 days 00:00:04
2026-09-22 11:25:16,GB09(26-023),30.93,44,Extra Large,2026-09-22,1644,0 days 00:00:07
2026-09-22 11:25:21,GB09(26-023),30.21,44,Extra Large,2026-09-22,1644,0 days 00:00:05
2026-09-22 11:25:24,GB09(26-023),29.67,44,Extra Large,2026-09-22,1644,0 days 00:00:03
2026-09-22 11:25:29,GB09(26-023),30.23,44,Extra Large,2026-09-22,1643,0 days 00:00:05
2026-09-22 11:25:41,GB09(26-023),30.2,44,Extra Large,2026-09-22,1643,0 days 00:00:12
2026-09-22 11:25:46,GB09(26-023),30.49,44,Extra Large,2026-09-22,1643,0 days 00:00:05
2026-09-22 11:25:52,GB09(26-023),31.09,44,Extra Large,2026-09-22,1643,0 days 00:00:06
2026-09-22 11:25:57,GB09(26-023),30.18,44,Extra Large,2026-09-22,1643,0 days 00:00:05
2026-09-22 11:26:04,GB09(26-023),30.49,44,Extra Large,2026-09-22,1643,0 days 00:00:07
2026-09-22 11:26:17,GB09(26-023),30.2,44,Extra Large,2026-09-22,1643,0 days 00:00:13
2026-09-22 11:26:25,GB09(26-023),30.75,44,Extra Large,2026-09-22,1643,0 days 00:00:08
2026-09-22 11:26:30,GB09(26-023),29.53,44,Extra Large,2026-09-22,1642,0 days 00:00:05
2026-09-22 11:26:35,GB09(26-023),31.08,44,Extra Large,2026-09-22,1642,0 days 00:00:05
2026-09-22 11:26:39,GB09(26-023),29.85,44,Extra Large,2026-09-22,1642,0 days 00:00:04
2026-09-22 11:26:43,GB09(26-023),29.5,44,Extra Large,2026-09-22,1642,0 days 00:00:04
2026-09-22 11:26:54,GB09(26-023),30.17,44,Extra Large,2026-09-22,1642,0 days 00:00:11
2026-09-22 11:26:59,GB09(26-023),31.43,44,Extra Large,2026-09-22,1642,0 days 00:00:05
2026-09-22 11:27:03,GB09(26-023),32.23,44,Extra Large,2026-09-22,1642,0 days 00:00:04
2026-09-22 11:27:07,GB09(26-023),30.56,44,Extra Large,2026-09-22,1642,0 days 00:00:04
2026-09-22 11:27:13,GB09(26-023),30.23,44,Extra Large,2026-09-22,1642,0 days 00:00:06
2026-09-22 11:27:18,GB09(26-023),29.89,44,Extra Large,2026-09-22,1642,0 days 00:00:05
2026-09-22 11:27:23,GB09(26-023),30.39,44,Extra Large,2026-09-22,1642,0 days 00:00:05
2026-09-22 11:27:28,GB09(26-023),30.42,44,Extra Large,2026-09-22,1641,0 days 00:00:05
2026-09-22 11:27:48,GB09(26-023),35.11,84,Medium,2026-09-22,1641,0 days 00:00:20
2026-09-22 11:27:53,GB09(26-023),34.48,84,Medium,2026-09-22,1641,0 days 00:00:05
2026-09-22 11:28:06,GB09(26-023),34.24,84,Medium,2026-09-22,1641,0 days 00:00:13
2026-09-22 11:28:11,GB09(26-023),35.11,84,Medium,2026-09-22,1641,0 days 00:00:05
2026-09-22 11:28:19,GB09(26-023),34.82,84,Medium,2026-09-22,1641,0 days 00:00:08
2026-09-22 11:28:24,GB09(26-023),33.98,84,Medium,2026-09-22,1641,0 days 00:00:05
2026-09-22 11:29:04,GB09(26-023),34.41,84,Medium,2026-09-22,1640,0 days 00:00:40
2026-09-22 11:29:11,GB09(26-023),34.6,84,Medium,2026-09-22,1640,0 days 00:00:07
2026-09-22 11:29:16,GB09(26-023),34.36,84,Medium,2026-09-22,1640,0 days 00:00:05
2026-09-22 11:29:21,GB09(26-023),33.01,84,Medium,2026-09-22,1640,0 days 00:00:05
2026-09-22 11:29:27,GB09(26-023),33.82,84,Medium,2026-09-22,1639,0 days 00:00:06
2026-09-22 11:29:34,GB09(26-023),37.54,84,Medium,2026-09-22,1639,0 days 00:00:07
2026-09-22 11:29:43,GB09(26-023),35.12,84,Medium,2026-09-22,1639,0 days 00:00:09
2026-09-22 11:29:51,GB09(26-023),34.24,84,Medium,2026-09-22,1639,0 days 00:00:08
2026-09-22 11:30:01,GB09(26-023),35.25,84,Medium,2026-09-22,1639,0 days 00:00:10
2026-09-22 11:30:10,GB09(26-023),34.32,84,Medium,2026-09-22,1639,0 days 00:00:09
2026-09-22 11:31:05,GB09(26-023),37.78,84,Medium,2026-09-22,1638,0 days 00:00:55
2026-09-22 11:31:18,GB09(26-023),33.91,84,Medium,2026-09-22,1638,0 days 00:00:13
2026-09-22 11:31:25,GB09(26-023),33.29,84,Medium,2026-09-22,1638,0 days 00:00:07
2026-09-22 11:31:55,GB09(26-023),35.8,84,Medium,2026-09-22,1637,0 days 00:00:30
2026-09-22 11:32:17,GB09(26-023),30.22,44,Extra Large,2026-09-22,1637,0 days 00:00:22
2026-09-22 11:32:25,GB09(26-023),30.37,44,Extra Large,2026-09-22,1637,0 days 00:00:08
2026-09-22 11:32:40,GB09(26-023),30.12,44,Extra Large,2026-09-22,1636,0 days 00:00:15
2026-09-22 11:32:46,GB09(26-023),30.03,44,Extra Large,2026-09-22,1636,0 days 00:00:06
2026-09-22 11:32:55,GB09(26-023),30.02,44,Extra Large,2026-09-22,1636,0 days 00:00:09
2026-09-22 11:33:00,GB09(26-023),30.83,44,Extra Large,2026-09-22,1636,0 days 00:00:05
2026-09-22 11:33:09,GB09(26-023),30.33,44,Extra Large,2026-09-22,1636,0 days 00:00:09
2026-09-22 11:33:12,GB09(26-023),30.16,44,Extra Large,2026-09-22,1636,0 days 00:00:03
2026-09-22 11:33:28,GB09(26-023),37.96,72,Large,2026-09-22,1635,0 days 00:00:16
2026-09-22 11:34:10,GB09(26-023),37.1,72,Large,2026-09-22,1635,0 days 00:00:42
2026-09-22 11:34:18,GB09(26-023),38.68,72,Large,2026-09-22,1635,0 days 00:00:08
2026-09-22 11:34:25,GB09(26-023),38.33,72,Large,2026-09-22,1635,0 days 00:00:07
2026-09-22 11:34:29,GB09(26-023),37.57,72,Large,2026-09-22,1634,0 days 00:00:04
2026-09-22 11:34:38,GB09(26-023),37.7,72,Large,2026-09-22,1634,0 days 00:00:09
2026-09-22 11:34:43,GB09(26-023),37.8,72,Large,2026-09-22,1634,0 days 00:00:05
2026-09-22 11:34:48,GB09(26-023),37.66,72,Large,2026-09-22,1634,0 days 00:00:05
2026-09-22 11:34:53,GB09(26-023),36.27,72,Large,2026-09-22,1634,0 days 00:00:05
2026-09-22 11:34:58,GB09(26-023),37.85,72,Large,2026-09-22,1634,0 days 00:00:05
2026-09-22 11:35:08,GB09(26-023),38.37,72,Large,2026-09-22,1634,0 days 00:00:10
2026-09-22 11:35:15,GB09(26-023),34.9,72,Large,2026-09-22,1634,0 days 00:00:07
2026-09-22 11:35:19,GB09(26-023),38.43,72,Large,2026-09-22,1634,0 days 00:00:04
2026-09-22 11:35:25,GB09(26-023),38.77,72,Large,2026-09-22,1634,0 days 00:00:06
2026-09-22 11:35:30,GB09(26-023),38.01,72,Large,2026-09-22,1633,0 days 00:00:05
2026-09-22 11:35:36,GB09(26-023),37.69,72,Large,2026-09-22,1633,0 days 00:00:06
2026-09-22 11:35:42,GB09(26-023),38.01,72,Large,2026-09-22,1633,0 days 00:00:06
2026-09-22 11:35:57,GB09(26-023),38.76,72,Large,2026-09-22,1633,0 days 00:00:15
2026-09-22 11:36:01,GB09(26-023),37.07,72,Large,2026-09-22,1633,0 days 00:00:04
2026-09-22 11:36:19,GB09(26-023),38.2,72,Large,2026-09-22,1633,0 days 00:00:18
2026-09-22 11:36:26,GB09(26-023),38.04,72,Large,2026-09-22,1632,0 days 00:00:07
2026-09-22 11:36:33,GB09(26-023),39.17,72,Large,2026-09-22,1632,0 days 00:00:07
2026-09-22 11:36:50,GB09(26-023),34.09,84,Medium,2026-09-22,1632,0 days 00:00:17
2026-09-22 11:37:04,GB09(26-023),34.09,84,Medium,2026-09-22,1632,0 days 00:00:14
2026-09-22 11:37:20,GB09(26-023),33.51,84,Medium,2026-09-22,1632,0 days 00:00:16
2026-09-22 11:37:28,GB09(26-023),34.18,84,Medium,2026-09-22,1631,0 days 00:00:08
2026-09-22 11:37:34,GB09(26-023),35.94,84,Medium,2026-09-22,1631,0 days 00:00:06
2026-09-22 11:37:49,GB09(26-023),35.43,84,Medium,2026-09-22,1631,0 days 00:00:15
2026-09-22 11:38:09,GB09(26-023),34.14,84,Medium,2026-09-22,1631,0 days 00:00:20
2026-09-22 11:38:28,GB09(26-023),34.31,84,Medium,2026-09-22,1630,0 days 00:00:19
2026-09-22 11:38:46,GB09(26-023),34.5,84,Medium,2026-09-22,1630,0 days 00:00:18
2026-09-22 11:39:05,GB09(26-023),35.34,84,Medium,2026-09-22,1630,0 days 00:00:19
2026-09-22 11:39:13,GB09(26-023),34.42,84,Medium,2026-09-22,1630,0 days 00:00:08
2026-09-22 11:39:52,GB09(26-023),34.24,84,Medium,2026-09-22,1629,0 days 00:00:39
2026-09-22 11:39:58,GB09(26-023),33.77,84,Medium,2026-09-22,1629,0 days 00:00:06
2026-09-22 11:40:07,GB09(26-023),34.22,84,Medium,2026-09-22,1629,0 days 00:00:09
2026-09-22 11:40:51,GB09(26-023),31.11,44,Extra Large,2026-09-22,1628,0 days 00:00:44
2026-09-22 11:40:59,GB09(26-023),30.88,44,Extra Large,2026-09-22,1628,0 days 00:00:08
2026-09-22 11:41:10,GB09(26-023),30.28,44,Extra Large,2026-09-22,1628,0 days 00:00:11
2026-09-22 11:41:18,GB09(26-023),30.63,44,Extra Large,2026-09-22,1628,0 days 00:00:08
2026-09-22 11:41:21,GB09(26-023),31.02,44,Extra Large,2026-09-22,1628,0 days 00:00:03
2026-09-22 11:41:27,GB09(26-023),30.68,44,Extra Large,2026-09-22,1627,0 days 00:00:06
2026-09-22 11:41:33,GB09(26-023),30.11,44,Extra Large,2026-09-22,1627,0 days 00:00:06
2026-09-22 11:41:39,GB09(26-023),31.31,44,Extra Large,2026-09-22,1627,0 days 00:00:06
2026-09-22 11:41:45,GB09(26-023),29.57,44,Extra Large,2026-09-22,1627,0 days 00:00:06
2026-09-22 11:42:07,GB09(26-023),30.06,44,Extra Large,2026-09-22,1627,0 days 00:00:22
2026-09-22 11:42:13,GB09(26-023),29.64,44,Extra Large,2026-09-22,1627,0 days 00:00:06
2026-09-22 11:42:20,GB09(26-023),30.39,44,Extra Large,2026-09-22,1627,0 days 00:00:07
2026-09-22 11:44:10,GB09(26-023),17.82,44,Medium,2026-09-22,1625,0 days 00:01:50
2026-09-22 11:44:36,GB09(26-023),30.7,44,Extra Large,2026-09-22,1624,0 days 00:00:26
2026-09-22 11:44:51,GB09(26-023),29.69,44,Extra Large,2026-09-22,1624,0 days 00:00:15
2026-09-22 11:45:01,GB09(26-023),31.28,44,Extra Large,2026-09-22,1624,0 days 00:00:10
2026-09-22 11:47:44,GB09(26-023),30.97,44,Extra Large,2026-09-22,1621,0 days 00:02:43
2026-09-22 11:47:54,GB09(26-023),30.81,44,Extra Large,2026-09-22,1621,0 days 00:00:10
2026-09-22 11:48:01,GB09(26-023),31.01,44,Extra Large,2026-09-22,1621,0 days 00:00:07
2026-09-22 11:48:08,GB09(26-023),29.93,44,Extra Large,2026-09-22,1621,0 days 00:00:07
2026-09-22 11:48:17,GB09(26-023),30.86,44,Extra Large,2026-09-22,1621,0 days 00:00:09
2026-09-22 11:48:46,GB09(26-023),37.95,72,Large,2026-09-22,1620,0 days 00:00:29
2026-09-22 11:48:55,GB09(26-023),37.8,72,Large,2026-09-22,1620,0 days 00:00:09
2026-09-22 11:49:00,GB09(26-023),37.06,72,Large,2026-09-22,1620,0 days 00:00:05
2026-09-22 11:49:05,GB09(26-023),37.98,72,Large,2026-09-22,1620,0 days 00:00:05
2026-09-22 11:50:15,GB09(26-023),38.6,72,Large,2026-09-22,1619,0 days 00:01:10
2026-09-22 11:51:23,GB09(26-023),37.98,72,Large,2026-09-22,1618,0 days 00:01:08
2026-09-22 11:51:43,GB09(26-023),37.96,72,Large,2026-09-22,1617,0 days 00:00:20
2026-09-22 11:52:07,GB09(26-023),39.98,72,Large,2026-09-22,1617,0 days 00:00:24
2026-09-22 11:52:20,GB09(26-023),38.92,72,Large,2026-09-22,1617,0 days 00:00:13
2026-09-22 11:52:28,GB09(26-023),37.8,72,Large,2026-09-22,1616,0 days 00:00:08
2026-09-22 11:52:34,GB09(26-023),37.85,72,Large,2026-09-22,1616,0 days 00:00:06
2026-09-22 11:54:33,GB09(26-023),37.5,72,Large,2026-09-22,1614,0 days 00:01:59
2026-09-22 11:54:47,GB09(26-023),38.86,72,Large,2026-09-22,1614,0 days 00:00:14
2026-09-22 11:55:01,GB09(26-023),37.14,72,Large,2026-09-22,1614,0 days 00:00:14
2026-09-22 11:55:11,GB09(26-023),37.88,72,Large,2026-09-22,1614,0 days 00:00:10
2026-09-22 11:55:22,GB09(26-023),37.99,72,Large,2026-09-22,1614,0 days 00:00:11
2026-09-22 11:55:28,GB09(26-023),39.02,72,Large,2026-09-22,1613,0 days 00:00:06
2026-09-22 11:55:37,GB09(26-023),39.77,72,Large,2026-09-22,1613,0 days 00:00:09
2026-09-22 11:55:43,GB09(26-023),38.7,72,Large,2026-09-22,1613,0 days 00:00:06
2026-09-22 11:55:52,GB09(26-023),37.88,72,Large,2026-09-22,1613,0 days 00:00:09
2026-09-22 11:56:09,GB09(26-023),39.66,72,Large,2026-09-22,1613,0 days 00:00:17
2026-09-22 11:56:16,GB09(26-023),38.06,72,Large,2026-09-22,1613,0 days 00:00:07
2026-09-22 11:56:21,GB09(26-023),39.55,72,Large,2026-09-22,1613,0 days 00:00:05
2026-09-22 11:56:28,GB09(26-023),38.39,72,Large,2026-09-22,1612,0 days 00:00:07
2026-09-22 11:56:50,GB09(26-023),37.26,72,Large,2026-09-22,1612,0 days 00:00:22
2026-09-22 11:56:57,GB09(26-023),36.57,72,Large,2026-09-22,1612,0 days 00:00:07
2026-09-22 11:57:03,GB09(26-023),38.03,72,Large,2026-09-22,1612,0 days 00:00:06
2026-09-22 11:57:08,GB09(26-023),37.73,72,Large,2026-09-22,1612,0 days 00:00:05
2026-09-22 11:57:17,GB09(26-023),37.93,72,Large,2026-09-22,1612,0 days 00:00:09
2026-09-22 11:57:24,GB09(26-023),38.53,72,Large,2026-09-22,1612,0 days 00:00:07
2026-09-22 11:57:30,GB09(26-023),37.64,72,Large,2026-09-22,1611,0 days 00:00:06
2026-09-22 11:57:36,GB09(26-023),37.84,72,Large,2026-09-22,1611,0 days 00:00:06
2026-09-22 11:57:57,GB09(26-023),37.7,72,Large,2026-09-22,1611,0 days 00:00:21
2026-09-22 11:58:06,GB09(26-023),36.96,72,Large,2026-09-22,1611,0 days 00:00:09
2026-09-22 11:58:19,GB09(26-023),38.13,72,Large,2026-09-22,1611,0 days 00:00:13
2026-09-22 11:58:25,GB09(26-023),38.94,72,Large,2026-09-22,1611,0 days 00:00:06
2026-09-22 11:58:36,GB09(26-023),31.58,44,Extra Large,2026-09-22,1610,0 days 00:00:11
2026-09-22 11:58:46,GB09(26-023),30.97,44,Extra Large,2026-09-22,1610,0 days 00:00:10
2026-09-22 11:59:03,GB09(26-023),29.75,44,Extra Large,2026-09-22,1610,0 days 00:00:17
2026-09-22 11:59:09,GB09(26-023),30.61,44,Extra Large,2026-09-22,1610,0 days 00:00:06
2026-09-22 11:59:16,GB09(26-023),30.13,44,Extra Large,2026-09-22,1610,0 days 00:00:07
2026-09-22 11:59:23,GB09(26-023),30.68,44,Extra Large,2026-09-22,1610,0 days 00:00:07
2026-09-22 11:59:28,GB09(26-023),31.31,44,Extra Large,2026-09-22,1609,0 days 00:00:05
2026-09-22 11:59:33,GB09(26-023),32.15,44,Extra Large,2026-09-22,1609,0 days 00:00:05
2026-09-22 11:59:41,GB09(26-023),29.53,44,Extra Large,2026-09-22,1609,0 days 00:00:08
2026-09-22 11:59:46,GB09(26-023),29.7,44,Extra Large,2026-09-22,1609,0 days 00:00:05
2026-09-22 11:59:55,GB09(26-023),30.34,44,Extra Large,2026-09-22,1609,0 days 00:00:09
2026-09-22 12:00:02,GB09(26-023),30.23,44,Extra Large,2026-09-22,1609,0 days 00:00:07
2026-09-22 12:00:08,GB09(26-023),31.43,44,Extra Large,2026-09-22,1609,0 days 00:00:06
2026-09-22 12:00:16,GB09(26-023),30.7,44,Extra Large,2026-09-22,1609,0 days 00:00:08
2026-09-22 12:00:20,GB09(26-023),30.25,44,Extra Large,2026-09-22,1609,0 days 00:00:04
2026-09-22 12:00:29,GB09(26-023),31.01,44,Extra Large,2026-09-22,1608,0 days 00:00:09
2026-09-22 12:00:34,GB09(26-023),30.42,44,Extra Large,2026-09-22,1608,0 days 00:00:05
2026-09-22 12:00:42,GB09(26-023),29.62,44,Extra Large,2026-09-22,1608,0 days 00:00:08
2026-09-22 12:00:48,GB09(26-023),31.25,44,Extra Large,2026-09-22,1608,0 days 00:00:06
2026-09-22 12:00:55,GB09(26-023),30.92,44,Extra Large,2026-09-22,1608,0 days 00:00:07
2026-09-22 12:01:02,GB09(26-023),30.64,44,Extra Large,2026-09-22,1608,0 days 00:00:07
2026-09-22 12:01:21,GB09(26-023),30.89,44,Extra Large,2026-09-22,1608,0 days 00:00:19
2026-09-22 12:01:26,GB09(26-023),30.78,44,Extra Large,2026-09-22,1607,0 days 00:00:05
2026-09-22 12:01:33,GB09(26-023),31.78,44,Extra Large,2026-09-22,1607,0 days 00:00:07
2026-09-22 12:01:41,GB09(26-023),31.03,44,Extra Large,2026-09-22,1607,0 days 00:00:08
2026-09-22 12:01:46,GB09(26-023),30.04,44,Extra Large,2026-09-22,1607,0 days 00:00:05
2026-09-22 12:01:53,GB09(26-023),29.88,44,Extra Large,2026-09-22,1607,0 days 00:00:07
2026-09-22 12:02:00,GB09(26-023),30.09,44,Extra Large,2026-09-22,1607,0 days 00:00:07
2026-09-22 12:02:17,GB09(26-023),29.51,44,Extra Large,2026-09-22,1607,0 days 00:00:17
2026-09-22 12:02:48,GB09(26-023),30.42,44,Extra Large,2026-09-22,1606,0 days 00:00:31
2026-09-22 12:02:54,GB09(26-023),31.22,44,Extra Large,2026-09-22,1606,0 days 00:00:06
2026-09-22 12:03:09,GB09(26-023),29.7,44,Extra Large,2026-09-22,1606,0 days 00:00:15
2026-09-22 12:03:15,GB09(26-023),29.55,44,Extra Large,2026-09-22,1606,0 days 00:00:06
2026-09-22 12:03:31,GB09(26-023),29.57,44,Extra Large,2026-09-22,1605,0 days 00:00:16
2026-09-22 12:03:38,GB09(26-023),30.12,44,Extra Large,2026-09-22,1605,0 days 00:00:07
2026-09-22 12:03:52,GB09(26-023),30.79,44,Extra Large,2026-09-22,1605,0 days 00:00:14
2026-09-22 12:03:57,GB09(26-023),29.58,44,Extra Large,2026-09-22,1605,0 days 00:00:05
2026-09-22 12:04:09,GB09(26-023),31.38,44,Extra Large,2026-09-22,1605,0 days 00:00:12
2026-09-22 12:04:15,GB09(26-023),31.76,44,Extra Large,2026-09-22,1605,0 days 00:00:06
2026-09-22 12:04:33,GB09(26-023),31.18,44,Extra Large,2026-09-22,1604,0 days 00:00:18
2026-09-22 12:04:42,GB09(26-023),29.88,44,Extra Large,2026-09-22,1604,0 days 00:00:09
2026-09-22 12:05:02,GB09(26-023),30.95,44,Extra Large,2026-09-22,1604,0 days 00:00:20
2026-09-22 12:05:13,GB09(26-023),38.07,72,Large,2026-09-22,1604,0 days 00:00:11
2026-09-22 12:05:19,GB09(26-023),37.06,72,Large,2026-09-22,1604,0 days 00:00:06
2026-09-22 12:05:28,GB09(26-023),37.72,72,Large,2026-09-22,1603,0 days 00:00:09
2026-09-22 12:05:32,GB09(26-023),37.24,72,Large,2026-09-22,1603,0 days 00:00:04
2026-09-22 12:05:37,GB09(26-023),37.65,72,Large,2026-09-22,1603,0 days 00:00:05
2026-09-22 12:06:17,GB09(26-023),37.29,72,Large,2026-09-22,1603,0 days 00:00:40
2026-09-22 12:06:28,GB09(26-023),38.28,72,Large,2026-09-22,1602,0 days 00:00:11
2026-09-22 12:06:39,GB09(26-023),37.74,72,Large,2026-09-22,1602,0 days 00:00:11
2026-09-22 12:06:46,GB09(26-023),38.21,72,Large,2026-09-22,1602,0 days 00:00:07
2026-09-22 12:06:57,GB09(26-023),38.47,72,Large,2026-09-22,1602,0 days 00:00:11
2026-09-22 12:07:08,GB09(26-023),37.69,72,Large,2026-09-22,1602,0 days 00:00:11
2026-09-22 12:08:04,GB09(26-023),37.07,72,Large,2026-09-22,1601,0 days 00:00:56
2026-09-22 12:08:22,GB09(26-023),38.47,72,Large,2026-09-22,1601,0 days 00:00:18
2026-09-22 12:09:39,GB09(26-023),37.65,72,Large,2026-09-22,1599,0 days 00:01:17
2026-09-22 12:09:55,GB09(26-023),38.79,72,Large,2026-09-22,1599,0 days 00:00:16
2026-09-22 12:10:11,GB09(26-023),37.68,72,Large,2026-09-22,1599,0 days 00:00:16
2026-09-22 12:10:17,GB09(26-023),38.55,72,Large,2026-09-22,1599,0 days 00:00:06
2026-09-22 12:10:23,GB09(26-023),37.99,72,Large,2026-09-22,1599,0 days 00:00:06
2026-09-22 12:10:48,GB09(26-023),38.0,72,Large,2026-09-22,1598,0 days 00:00:25
2026-09-22 12:11:03,GB09(26-023),38.42,72,Large,2026-09-22,1598,0 days 00:00:15
2026-09-22 12:11:28,GB09(26-023),31.44,44,Extra Large,2026-09-22,1597,0 days 00:00:25
2026-09-22 12:11:36,GB09(26-023),29.95,44,Extra Large,2026-09-22,1597,0 days 00:00:08
2026-09-22 12:11:42,GB09(26-023),28.32,44,Extra Large,2026-09-22,1597,0 days 00:00:06
2026-09-22 12:11:48,GB09(26-023),29.44,44,Extra Large,2026-09-22,1597,0 days 00:00:06
2026-09-22 12:11:53,GB09(26-023),31.34,44,Extra Large,2026-09-22,1597,0 days 00:00:05
2026-09-22 12:11:59,GB09(26-023),33.06,44,Extra Large,2026-09-22,1597,0 days 00:00:06
2026-09-22 12:12:03,GB09(26-023),31.1,44,Extra Large,2026-09-22,1597,0 days 00:00:04
2026-09-22 12:12:45,GB09(26-023),7.19,10,Extra Large,2026-09-22,1596,0 days 00:00:42
2026-09-22 12:13:20,GB09(26-023),5.29,10,Large,2026-09-22,1596,0 days 00:00:35
2026-09-22 12:13:45,GB09(26-023),34.29,84,Medium,2026-09-22,1595,0 days 00:00:25
2026-09-22 12:13:51,GB09(26-023),33.86,84,Medium,2026-09-22,1595,0 days 00:00:06
2026-09-22 12:13:59,GB09(26-023),34.01,84,Medium,2026-09-22,1595,0 days 00:00:08
2026-09-22 12:14:05,GB09(26-023),34.41,84,Medium,2026-09-22,1595,0 days 00:00:06
2026-09-22 12:14:10,GB09(26-023),34.48,84,Medium,2026-09-22,1595,0 days 00:00:05
2026-09-22 12:14:31,GB09(26-023),34.43,84,Medium,2026-09-22,1594,0 days 00:00:21
2026-09-22 12:14:41,GB09(26-023),34.11,84,Medium,2026-09-22,1594,0 days 00:00:10
2026-09-22 12:15:04,GB09(26-023),35.81,84,Medium,2026-09-22,1594,0 days 00:00:23
2026-09-22 12:15:46,GB09(26-023),35.06,84,Medium,2026-09-22,1593,0 days 00:00:42
2026-09-22 12:16:10,GB09(26-023),35.23,84,Medium,2026-09-22,1593,0 days 00:00:24
2026-09-22 12:16:17,GB09(26-023),33.54,84,Medium,2026-09-22,1593,0 days 00:00:07
2026-09-22 12:16:21,GB09(26-023),35.48,84,Medium,2026-09-22,1593,0 days 00:00:04
2026-09-22 12:16:29,GB09(26-023),33.77,84,Medium,2026-09-22,1592,0 days 00:00:08
2026-09-22 12:16:49,GB09(26-023),34.83,84,Medium,2026-09-22,1592,0 days 00:00:20
2026-09-22 12:16:53,GB09(26-023),34.55,84,Medium,2026-09-22,1592,0 days 00:00:04
2026-09-22 12:17:06,GB09(26-023),33.47,84,Medium,2026-09-22,1592,0 days 00:00:13
2026-09-22 12:17:17,GB09(26-023),33.98,84,Medium,2026-09-22,1592,0 days 00:00:11
2026-09-22 12:17:32,GB09(26-023),34.66,84,Medium,2026-09-22,1591,0 days 00:00:15
2026-09-22 12:17:49,GB09(26-023),35.29,84,Medium,2026-09-22,1591,0 days 00:00:17
2026-09-22 12:19:37,GB09(26-023),34.79,84,Medium,2026-09-22,1589,0 days 00:01:48
2026-09-22 12:19:45,GB09(26-023),34.05,84,Medium,2026-09-22,1589,0 days 00:00:08
2026-09-22 12:19:58,GB09(26-023),33.74,84,Medium,2026-09-22,1589,0 days 00:00:13
2026-09-22 12:20:25,GB09(26-023),35.88,84,Medium,2026-09-22,1589,0 days 00:00:27
2026-09-22 12:20:29,GB09(26-023),34.38,84,Medium,2026-09-22,1588,0 days 00:00:04
2026-09-22 12:20:48,GB09(26-023),34.91,84,Medium,2026-09-22,1588,0 days 00:00:19
2026-09-22 12:20:54,GB09(26-023),34.76,84,Medium,2026-09-22,1588,0 days 00:00:06
2026-09-22 12:21:09,GB09(26-023),34.54,84,Medium,2026-09-22,1588,0 days 00:00:15
2026-09-22 12:21:23,GB09(26-023),25.46,58,Medium,2026-09-22,1588,0 days 00:00:14
2026-09-22 12:25:31,GB09(26-023),21.63,32,Extra Large,2026-09-22,1583,0 days 00:04:08
2026-09-22 12:25:58,GB09(26-023),37.03,72,Large,2026-09-22,1583,0 days 00:00:27
2026-09-22 12:26:09,GB09(26-023),2.02,4,Large,2026-09-22,1583,0 days 00:00:11
2026-09-22 12:26:24,GB09(26-023),27.49,28,XXL,2026-09-22,1583,0 days 00:00:15
2026-09-22 12:27:44,GB09(26-023),0.9,1,XXL,2026-09-22,1581,0 days 00:01:20
2026-09-22 12:28:26,GB09(26-023),2.27,2,SXXL,2026-09-22,1580,0 days 00:00:42
2026-09-22 12:28:43,GB09(26-023),4.97,12,HMedium,2026-09-22,1580,0 days 00:00:17
2026-09-22 12:29:04,GB09(26-023),15.05,82,Extra Small,2026-09-22,1580,0 days 00:00:21
2026-09-22 12:29:15,GB09(26-023),36.05,200,Extra Small,2026-09-22,1580,0 days 00:00:11
2026-09-22 12:29:58,GB09(26-023),7.89,30,HSmall,2026-09-22,1579,0 days 00:00:43
2026-09-22 12:30:21,GB09(26-023),6.86,13,HLarge,2026-09-22,1579,0 days 00:00:23
2026-09-22 12:30:37,GB09(26-023),11.53,94,Below 150,2026-09-22,1578,0 days 00:00:16
2026-09-22 12:30:58,GB09(26-023),1.19,1,HSXXL,2026-09-22,1578,0 days 00:00:21
2026-09-22 12:31:10,GB09(26-023),3.54,5,HExtra Large,2026-09-22,1578,0 days 00:00:12
2026-09-22 12:31:26,GB09(26-023),3.05,8,Mortality,2026-09-22,1577,0 days 00:00:16
2026-09-22 12:31:51,GB09(26-023),36.67,120,Small,2026-09-22,1577,0 days 00:00:25
2026-09-22 12:32:10,GB09(26-023),19.91,74,Small,2026-09-22,1577,0 days 00:00:19
2026-09-22 12:33:10,GB09(26-023),39.17,120,Small,2026-09-22,1576,0 days 00:01:00
2026-09-22 12:33:24,GB09(26-023),37.48,120,Small,2026-09-22,1576,0 days 00:00:14
2026-09-22 12:33:57,GB09(26-023),35.56,120,Small,2026-09-22,1575,0 days 00:00:33
2026-09-22 12:34:04,GB09(26-023),39.17,120,Small,2026-09-22,1575,0 days 00:00:07
2026-09-22 12:34:18,GB09(26-023),38.12,120,Small,2026-09-22,1575,0 days 00:00:14
2026-09-22 12:34:21,GB09(26-023),36.35,120,Small,2026-09-22,1575,0 days 00:00:03
2026-09-22 12:34:28,GB09(26-023),38.22,120,Small,2026-09-22,1574,0 days 00:00:07
2026-09-22 12:34:49,GB09(26-023),35.75,120,Small,2026-09-22,1574,0 days 00:00:21
2026-09-22 12:34:56,GB09(26-023),35.2,120,Small,2026-09-22,1574,0 days 00:00:07
2026-09-22 12:35:14,GB09(26-023),36.36,120,Small,2026-09-22,1574,0 days 00:00:18
2026-09-22 12:35:20,GB09(26-023),34.31,120,Small,2026-09-22,1574,0 days 00:00:06
2026-09-22 12:35:26,GB09(26-023),34.09,120,Small,2026-09-22,1573,0 days 00:00:06
2026-09-22 12:35:32,GB09(26-023),34.77,120,Small,2026-09-22,1573,0 days 00:00:06
2026-09-22 12:36:01,GB09(26-023),37.75,120,Small,2026-09-22,1573,0 days 00:00:29
2026-09-22 12:36:27,GB09(26-023),34.74,120,Small,2026-09-22,1572,0 days 00:00:26
2026-09-22 12:36:35,GB09(26-023),35.64,120,Small,2026-09-22,1572,0 days 00:00:08
2026-09-22 12:36:43,GB09(26-023),36.65,120,Small,2026-09-22,1572,0 days 00:00:08
2026-09-22 12:36:56,GB09(26-023),38.54,120,Small,2026-09-22,1572,0 days 00:00:13
2026-09-22 12:37:07,GB09(26-023),37.48,120,Small,2026-09-22,1572,0 days 00:00:11
2026-09-22 12:37:12,GB09(26-023),34.93,120,Small,2026-09-22,1572,0 days 00:00:05
2026-09-22 12:37:18,GB09(26-023),36.43,120,Small,2026-09-22,1572,0 days 00:00:06
2026-09-22 12:37:35,GB09(26-023),35.39,120,Small,2026-09-22,1571,0 days 00:00:17
2026-09-22 12:38:31,GB09(26-023),39.84,120,Small,2026-09-22,1570,0 days 00:00:56
2026-09-22 12:38:40,GB09(26-023),35.35,120,Small,2026-09-22,1570,0 days 00:00:09
2026-09-22 12:38:59,GB09(26-023),36.39,120,Small,2026-09-22,1570,0 days 00:00:19
2026-09-22 12:39:15,GB09(26-023),27.64,120,Small,2026-09-22,1570,0 days 00:00:16
2026-09-22 12:39:35,GB09(26-023),37.83,120,Small,2026-09-22,1569,0 days 00:00:20
2026-09-22 12:39:59,GB09(26-023),35.42,120,Small,2026-09-22,1569,0 days 00:00:24
2026-09-22 12:40:35,GC02(26-012),30.16,44,Extra Large,2026-09-22,1568,0 days 00:00:36
2026-09-22 12:40:57,GC02(26-012),29.79,44,Extra Large,2026-09-22,1568,0 days 00:00:22
2026-09-22 12:41:14,GC02(26-012),29.76,44,Extra Large,2026-09-22,1568,0 days 00:00:17
2026-09-22 12:41:24,GC02(26-012),30.49,44,Extra Large,2026-09-22,1568,0 days 00:00:10
2026-09-22 12:41:46,GC02(26-012),29.89,44,Extra Large,2026-09-22,1567,0 days 00:00:22
2026-09-22 12:41:51,GC02(26-012),29.58,44,Extra Large,2026-09-22,1567,0 days 00:00:05
2026-09-22 12:41:57,GC02(26-012),30.9,44,Extra Large,2026-09-22,1567,0 days 00:00:06
2026-09-22 12:42:04,GC02(26-012),29.7,44,Extra Large,2026-09-22,1567,0 days 00:00:07
2026-09-22 12:42:10,GC02(26-012),29.5,44,Extra Large,2026-09-22,1567,0 days 00:00:06
2026-09-22 12:42:15,GC02(26-012),29.71,44,Extra Large,2026-09-22,1567,0 days 00:00:05
2026-09-22 12:42:23,GC02(26-012),29.24,44,Extra Large,2026-09-22,1567,0 days 00:00:08
2026-09-22 12:42:29,GC02(26-012),30.2,44,Extra Large,2026-09-22,1566,0 days 00:00:06
2026-09-22 12:42:33,GC02(26-012),28.78,44,Extra Large,2026-09-22,1566,0 days 00:00:04
2026-09-22 12:42:43,GC02(26-012),30.78,44,Extra Large,2026-09-22,1566,0 days 00:00:10
2026-09-22 12:42:46,GC02(26-012),30.78,44,Extra Large,2026-09-22,1566,0 days 00:00:03
2026-09-22 12:42:53,GC02(26-012),30.77,44,Extra Large,2026-09-22,1566,0 days 00:00:07
2026-09-22 12:43:00,GC02(26-012),30.93,44,Extra Large,2026-09-22,1566,0 days 00:00:07
2026-09-22 12:43:05,GC02(26-012),29.66,44,Extra Large,2026-09-22,1566,0 days 00:00:05
2026-09-22 12:43:10,GC02(26-012),29.27,44,Extra Large,2026-09-22,1566,0 days 00:00:05
2026-09-22 12:43:18,GC02(26-012),29.74,44,Extra Large,2026-09-22,1566,0 days 00:00:08
2026-09-22 12:43:24,GC02(26-012),30.13,44,Extra Large,2026-09-22,1566,0 days 00:00:06
2026-09-22 12:43:31,GC02(26-012),31.41,44,Extra Large,2026-09-22,1565,0 days 00:00:07
2026-09-22 12:43:40,GC02(26-012),29.73,44,Extra Large,2026-09-22,1565,0 days 00:00:09
2026-09-22 12:43:54,GC02(26-012),29.2,44,Extra Large,2026-09-22,1565,0 days 00:00:14
2026-09-22 12:44:46,GC02(26-012),29.45,44,Extra Large,2026-09-22,1564,0 days 00:00:52
2026-09-22 12:44:54,GC02(26-012),29.31,44,Extra Large,2026-09-22,1564,0 days 00:00:08
2026-09-22 12:45:10,GC02(26-012),29.32,44,Extra Large,2026-09-22,1564,0 days 00:00:16
2026-09-22 12:45:37,GC02(26-012),30.74,44,Extra Large,2026-09-22,1563,0 days 00:00:27
2026-09-22 12:45:46,GC02(26-012),29.75,44,Extra Large,2026-09-22,1563,0 days 00:00:09
2026-09-22 12:46:05,GC02(26-012),30.14,44,Extra Large,2026-09-22,1563,0 days 00:00:19
2026-09-22 12:46:10,GC02(26-012),30.96,44,Extra Large,2026-09-22,1563,0 days 00:00:05
2026-09-22 12:46:23,GC02(26-012),36.13,72,Large,2026-09-22,1563,0 days 00:00:13
2026-09-22 12:47:13,GC02(26-012),33.93,84,Medium,2026-09-22,1562,0 days 00:00:50
2026-09-22 12:47:21,GC02(26-012),33.92,84,Medium,2026-09-22,1562,0 days 00:00:08
2026-09-22 12:47:31,GC02(26-012),34.1,84,Medium,2026-09-22,1561,0 days 00:00:10
2026-09-22 12:47:37,GC02(26-012),35.23,84,Medium,2026-09-22,1561,0 days 00:00:06
2026-09-22 12:47:43,GC02(26-012),34.37,84,Medium,2026-09-22,1561,0 days 00:00:06
2026-09-22 12:47:56,GC02(26-012),34.3,84,Medium,2026-09-22,1561,0 days 00:00:13
2026-09-22 12:48:04,GC02(26-012),33.92,84,Medium,2026-09-22,1561,0 days 00:00:08
2026-09-22 12:48:09,GC02(26-012),33.77,84,Medium,2026-09-22,1561,0 days 00:00:05
2026-09-22 12:48:16,GC02(26-012),33.21,84,Medium,2026-09-22,1561,0 days 00:00:07
2026-09-22 12:48:24,GC02(26-012),33.93,84,Medium,2026-09-22,1561,0 days 00:00:08
2026-09-22 12:49:23,GC02(26-012),34.1,84,Medium,2026-09-22,1560,0 days 00:00:59
2026-09-22 12:49:34,GC02(26-012),34.05,84,Medium,2026-09-22,1559,0 days 00:00:11
2026-09-22 12:49:40,GC02(26-012),34.01,84,Medium,2026-09-22,1559,0 days 00:00:06
2026-09-22 12:49:50,GC02(26-012),34.76,84,Medium,2026-09-22,1559,0 days 00:00:10
2026-09-22 12:49:55,GC02(26-012),34.8,84,Medium,2026-09-22,1559,0 days 00:00:05
2026-09-22 12:50:06,GC02(26-012),35.02,84,Medium,2026-09-22,1559,0 days 00:00:11
2026-09-22 12:50:14,GC02(26-012),34.03,84,Medium,2026-09-22,1559,0 days 00:00:08
2026-09-22 12:50:21,GC02(26-012),34.28,84,Medium,2026-09-22,1559,0 days 00:00:07
2026-09-22 12:50:38,GC02(26-012),34.14,84,Medium,2026-09-22,1558,0 days 00:00:17
2026-09-22 12:50:47,GC02(26-012),34.09,84,Medium,2026-09-22,1558,0 days 00:00:09
2026-09-22 12:50:53,GC02(26-012),33.61,84,Medium,2026-09-22,1558,0 days 00:00:06
2026-09-22 12:51:18,GC02(26-012),33.12,84,Medium,2026-09-22,1558,0 days 00:00:25
2026-09-22 12:51:26,GC02(26-012),34.23,84,Medium,2026-09-22,1557,0 days 00:00:08
2026-09-22 12:51:38,GC02(26-012),35.18,84,Medium,2026-09-22,1557,0 days 00:00:12
2026-09-22 12:51:47,GC02(26-012),34.0,84,Medium,2026-09-22,1557,0 days 00:00:09
2026-09-22 12:51:51,GC02(26-012),34.11,84,Medium,2026-09-22,1557,0 days 00:00:04
2026-09-22 12:51:57,GC02(26-012),33.87,84,Medium,2026-09-22,1557,0 days 00:00:06
2026-09-22 12:52:29,GC02(26-012),36.69,72,Large,2026-09-22,1556,0 days 00:00:32
2026-09-22 12:52:48,GC02(26-012),36.92,72,Large,2026-09-22,1556,0 days 00:00:19
2026-09-22 12:52:58,GC02(26-012),37.39,72,Large,2026-09-22,1556,0 days 00:00:10
2026-09-22 12:53:05,GC02(26-012),36.83,72,Large,2026-09-22,1556,0 days 00:00:07
2026-09-22 12:53:10,GC02(26-012),37.66,72,Large,2026-09-22,1556,0 days 00:00:05
2026-09-22 12:53:27,GC02(26-012),36.73,72,Large,2026-09-22,1555,0 days 00:00:17
2026-09-22 12:53:33,GC02(26-012),37.24,72,Large,2026-09-22,1555,0 days 00:00:06
2026-09-22 12:53:46,GC02(26-012),36.88,72,Large,2026-09-22,1555,0 days 00:00:13
2026-09-22 12:53:52,GC02(26-012),37.32,72,Large,2026-09-22,1555,0 days 00:00:06
2026-09-22 12:53:59,GC02(26-012),38.61,72,Large,2026-09-22,1555,0 days 00:00:07
2026-09-22 12:54:06,GC02(26-012),38.21,72,Large,2026-09-22,1555,0 days 00:00:07
2026-09-22 12:54:17,GC02(26-012),36.53,72,Large,2026-09-22,1555,0 days 00:00:11
2026-09-22 12:54:22,GC02(26-012),36.08,72,Large,2026-09-22,1555,0 days 00:00:05
2026-09-22 12:54:29,GC02(26-012),36.65,72,Large,2026-09-22,1554,0 days 00:00:07
2026-09-22 12:55:09,GC02(26-012),37.59,72,Large,2026-09-22,1554,0 days 00:00:40
2026-09-22 12:55:36,GC02(26-012),37.36,72,Large,2026-09-22,1553,0 days 00:00:27
2026-09-22 12:55:45,GC02(26-012),38.93,72,Large,2026-09-22,1553,0 days 00:00:09
2026-09-22 12:56:02,GC02(26-012),36.94,72,Large,2026-09-22,1553,0 days 00:00:17
2026-09-22 12:56:14,GC02(26-012),37.61,72,Large,2026-09-22,1553,0 days 00:00:12
2026-09-22 12:56:27,GC02(26-012),37.57,72,Large,2026-09-22,1552,0 days 00:00:13
2026-09-22 12:56:33,GC02(26-012),38.14,72,Large,2026-09-22,1552,0 days 00:00:06
2026-09-22 12:56:46,GC02(26-012),38.16,72,Large,2026-09-22,1552,0 days 00:00:13
2026-09-22 12:56:59,GC02(26-012),37.02,72,Large,2026-09-22,1552,0 days 00:00:13
2026-09-22 12:57:05,GC02(26-012),36.97,72,Large,2026-09-22,1552,0 days 00:00:06
2026-09-22 12:57:11,GC02(26-012),36.98,72,Large,2026-09-22,1552,0 days 00:00:06
2026-09-22 12:57:22,GC02(26-012),37.48,72,Large,2026-09-22,1552,0 days 00:00:11
2026-09-22 12:57:28,GC02(26-012),36.55,72,Large,2026-09-22,1551,0 days 00:00:06
2026-09-22 12:58:26,GC02(26-012),37.35,72,Large,2026-09-22,1550,0 days 00:00:58
2026-09-22 12:58:42,GC02(26-012),37.36,72,Large,2026-09-22,1550,0 days 00:00:16
2026-09-22 12:58:48,GC02(26-012),37.96,72,Large,2026-09-22,1550,0 days 00:00:06
2026-09-22 12:58:55,GC02(26-012),35.24,72,Large,2026-09-22,1550,0 days 00:00:07
2026-09-22 12:59:01,GC02(26-012),36.98,72,Large,2026-09-22,1550,0 days 00:00:06
2026-09-22 12:59:07,GC02(26-012),37.42,72,Large,2026-09-22,1550,0 days 00:00:06
2026-09-22 12:59:15,GC02(26-012),39.21,72,Large,2026-09-22,1550,0 days 00:00:08
2026-09-22 12:59:18,GC02(26-012),37.4,72,Large,2026-09-22,1550,0 days 00:00:03
2026-09-22 12:59:27,GC02(26-012),39.09,72,Large,2026-09-22,1549,0 days 00:00:09
2026-09-22 12:59:32,GC02(26-012),38.68,72,Large,2026-09-22,1549,0 days 00:00:05
2026-09-22 12:59:48,GC02(26-012),36.21,72,Large,2026-09-22,1549,0 days 00:00:16
2026-09-22 13:00:00,GC02(26-012),38.88,72,Large,2026-09-22,1549,0 days 00:00:12
2026-09-22 13:00:05,GC02(26-012),37.95,72,Large,2026-09-22,1549,0 days 00:00:05
2026-09-22 13:00:14,GC02(26-012),38.38,72,Large,2026-09-22,1549,0 days 00:00:09
2026-09-22 13:00:20,GC02(26-012),38.69,72,Large,2026-09-22,1549,0 days 00:00:06
2026-09-22 13:00:41,GC02(26-012),37.99,72,Large,2026-09-22,1548,0 days 00:00:21
2026-09-22 13:01:11,GC02(26-012),38.03,72,Large,2026-09-22,1548,0 days 00:00:30
2026-09-22 13:01:20,GC02(26-012),38.34,72,Large,2026-09-22,1548,0 days 00:00:09
2026-09-22 13:01:28,GC02(26-012),37.93,72,Large,2026-09-22,1547,0 days 00:00:08
2026-09-22 13:01:36,GC02(26-012),36.83,72,Large,2026-09-22,1547,0 days 00:00:08
2026-09-22 13:01:44,GC02(26-012),37.31,72,Large,2026-09-22,1547,0 days 00:00:08
2026-09-22 13:01:52,GC02(26-012),38.12,72,Large,2026-09-22,1547,0 days 00:00:08
2026-09-22 13:01:56,GC02(26-012),37.15,72,Large,2026-09-22,1547,0 days 00:00:04
2026-09-22 13:02:03,GC02(26-012),36.99,72,Large,2026-09-22,1547,0 days 00:00:07
2026-09-22 13:02:14,GC02(26-012),37.38,72,Large,2026-09-22,1547,0 days 00:00:11
2026-09-22 13:02:19,GC02(26-012),37.4,72,Large,2026-09-22,1547,0 days 00:00:05
2026-09-22 13:02:25,GC02(26-012),37.76,72,Large,2026-09-22,1547,0 days 00:00:06
2026-09-22 13:03:25,GC02(26-012),37.69,72,Large,2026-09-22,1546,0 days 00:01:00
2026-09-22 13:03:34,GC02(26-012),38.8,72,Large,2026-09-22,1545,0 days 00:00:09
2026-09-22 13:03:39,GC02(26-012),37.13,72,Large,2026-09-22,1545,0 days 00:00:05
2026-09-22 13:03:44,GC02(26-012),39.01,72,Large,2026-09-22,1545,0 days 00:00:05
2026-09-22 13:04:32,GC02(26-012),38.3,72,Large,2026-09-22,1544,0 days 00:00:48
2026-09-22 13:04:40,GC02(26-012),37.02,72,Large,2026-09-22,1544,0 days 00:00:08
2026-09-22 13:04:46,GC02(26-012),36.47,72,Large,2026-09-22,1544,0 days 00:00:06
2026-09-22 13:04:53,GC02(26-012),37.69,72,Large,2026-09-22,1544,0 days 00:00:07
2026-09-22 13:04:59,GC02(26-012),38.1,72,Large,2026-09-22,1544,0 days 00:00:06
2026-09-22 13:05:19,GC02(26-012),37.45,72,Large,2026-09-22,1544,0 days 00:00:20
2026-09-22 13:05:37,GC02(26-012),37.68,72,Large,2026-09-22,1543,0 days 00:00:18
2026-09-22 13:05:52,GC02(26-012),37.94,72,Large,2026-09-22,1543,0 days 00:00:15
2026-09-22 13:06:18,GC02(26-012),37.45,72,Large,2026-09-22,1543,0 days 00:00:26
2026-09-22 13:06:25,GC02(26-012),38.4,72,Large,2026-09-22,1543,0 days 00:00:07
2026-09-22 13:06:31,GC02(26-012),36.89,72,Large,2026-09-22,1542,0 days 00:00:06
2026-09-22 13:06:42,GC02(26-012),37.34,72,Large,2026-09-22,1542,0 days 00:00:11
2026-09-22 13:06:46,GC02(26-012),38.52,72,Large,2026-09-22,1542,0 days 00:00:04
2026-09-22 13:06:57,GC02(26-012),37.98,72,Large,2026-09-22,1542,0 days 00:00:11
2026-09-22 13:07:02,GC02(26-012),37.96,72,Large,2026-09-22,1542,0 days 00:00:05
2026-09-22 13:07:23,GC02(26-012),33.81,84,Medium,2026-09-22,1542,0 days 00:00:21
2026-09-22 13:07:46,GC02(26-012),34.4,84,Medium,2026-09-22,1541,0 days 00:00:23
2026-09-22 13:07:53,GC02(26-012),33.45,84,Medium,2026-09-22,1541,0 days 00:00:07
2026-09-22 13:08:07,GC02(26-012),33.69,84,Medium,2026-09-22,1541,0 days 00:00:14
2026-09-22 13:08:10,GC02(26-012),34.05,84,Medium,2026-09-22,1541,0 days 00:00:03
2026-09-22 13:08:19,GC02(26-012),33.27,84,Medium,2026-09-22,1541,0 days 00:00:09
2026-09-22 13:08:25,GC02(26-012),34.89,84,Medium,2026-09-22,1541,0 days 00:00:06
2026-09-22 13:08:31,GC02(26-012),34.17,84,Medium,2026-09-22,1540,0 days 00:00:06
2026-09-22 13:08:45,GC02(26-012),34.28,84,Medium,2026-09-22,1540,0 days 00:00:14
2026-09-22 13:09:01,GC02(26-012),33.1,84,Medium,2026-09-22,1540,0 days 00:00:16
2026-09-22 13:09:08,GC02(26-012),34.32,84,Medium,2026-09-22,1540,0 days 00:00:07
2026-09-22 13:09:37,GC02(26-012),37.32,72,Large,2026-09-22,1539,0 days 00:00:29
2026-09-22 13:09:42,GC02(26-012),36.34,72,Large,2026-09-22,1539,0 days 00:00:05
2026-09-22 13:09:56,GC02(26-012),37.19,72,Large,2026-09-22,1539,0 days 00:00:14
2026-09-22 13:10:03,GC02(26-012),38.14,72,Large,2026-09-22,1539,0 days 00:00:07
2026-09-22 13:10:09,GC02(26-012),38.91,72,Large,2026-09-22,1539,0 days 00:00:06
2026-09-22 13:10:13,GC02(26-012),37.31,72,Large,2026-09-22,1539,0 days 00:00:04
2026-09-22 13:10:19,GC02(26-012),36.18,72,Large,2026-09-22,1539,0 days 00:00:06
2026-09-22 13:10:25,GC02(26-012),37.53,72,Large,2026-09-22,1539,0 days 00:00:06
2026-09-22 13:10:29,GC02(26-012),39.01,72,Large,2026-09-22,1538,0 days 00:00:04
2026-09-22 13:10:42,GC02(26-012),29.96,44,Extra Large,2026-09-22,1538,0 days 00:00:13
2026-09-22 13:10:51,GC02(26-012),29.6,44,Extra Large,2026-09-22,1538,0 days 00:00:09
2026-09-22 13:10:56,GC02(26-012),28.89,44,Extra Large,2026-09-22,1538,0 days 00:00:05
2026-09-22 13:11:01,GC02(26-012),29.74,44,Extra Large,2026-09-22,1538,0 days 00:00:05
2026-09-22 13:11:10,GC02(26-012),29.95,44,Extra Large,2026-09-22,1538,0 days 00:00:09
2026-09-22 13:11:16,GC02(26-012),30.5,44,Extra Large,2026-09-22,1538,0 days 00:00:06
2026-09-22 13:11:20,GC02(26-012),30.81,44,Extra Large,2026-09-22,1538,0 days 00:00:04
2026-09-22 13:11:28,GC02(26-012),30.04,44,Extra Large,2026-09-22,1537,0 days 00:00:08
2026-09-22 13:11:34,GC02(26-012),30.36,44,Extra Large,2026-09-22,1537,0 days 00:00:06
2026-09-22 13:11:51,GC02(26-012),29.49,44,Extra Large,2026-09-22,1537,0 days 00:00:17
2026-09-22 13:11:58,GC02(26-012),30.19,44,Extra Large,2026-09-22,1537,0 days 00:00:07
2026-09-22 13:12:03,GC02(26-012),29.83,44,Extra Large,2026-09-22,1537,0 days 00:00:05
2026-09-22 13:12:09,GC02(26-012),30.68,44,Extra Large,2026-09-22,1537,0 days 00:00:06
2026-09-22 13:12:17,GC02(26-012),29.68,44,Extra Large,2026-09-22,1537,0 days 00:00:08
2026-09-22 13:12:25,GC02(26-012),28.57,44,Extra Large,2026-09-22,1537,0 days 00:00:08
2026-09-22 13:12:30,GC02(26-012),30.16,44,Extra Large,2026-09-22,1536,0 days 00:00:05
2026-09-22 13:12:35,GC02(26-012),29.48,44,Extra Large,2026-09-22,1536,0 days 00:00:05
2026-09-22 13:12:52,GC02(26-012),30.57,44,Extra Large,2026-09-22,1536,0 days 00:00:17
2026-09-22 13:12:57,GC02(26-012),31.66,44,Extra Large,2026-09-22,1536,0 days 00:00:05
2026-09-22 13:13:17,GC02(26-012),29.57,44,Extra Large,2026-09-22,1536,0 days 00:00:20
2026-09-22 13:13:23,GC02(26-012),28.89,44,Extra Large,2026-09-22,1536,0 days 00:00:06
2026-09-22 13:13:54,GC02(26-012),29.79,44,Extra Large,2026-09-22,1535,0 days 00:00:31
2026-09-22 13:14:07,GC02(26-012),30.71,44,Extra Large,2026-09-22,1535,0 days 00:00:13
2026-09-22 13:14:13,GC02(26-012),29.58,44,Extra Large,2026-09-22,1535,0 days 00:00:06
2026-09-22 13:14:18,GC02(26-012),29.54,44,Extra Large,2026-09-22,1535,0 days 00:00:05
2026-09-22 13:14:43,GC02(26-012),30.3,44,Extra Large,2026-09-22,1534,0 days 00:00:25
2026-09-22 13:14:51,GC02(26-012),29.48,44,Extra Large,2026-09-22,1534,0 days 00:00:08
2026-09-22 13:14:56,GC02(26-012),30.47,44,Extra Large,2026-09-22,1534,0 days 00:00:05
2026-09-22 13:15:03,GC02(26-012),30.1,44,Extra Large,2026-09-22,1534,0 days 00:00:07
2026-09-22 13:15:07,GC02(26-012),28.53,44,Extra Large,2026-09-22,1534,0 days 00:00:04
2026-09-22 13:15:25,GC02(26-012),31.6,44,Extra Large,2026-09-22,1534,0 days 00:00:18
2026-09-22 13:15:34,GC02(26-012),29.42,44,Extra Large,2026-09-22,1533,0 days 00:00:09
2026-09-22 13:15:41,GC02(26-012),31.64,44,Extra Large,2026-09-22,1533,0 days 00:00:07
2026-09-22 13:15:47,GC02(26-012),30.02,44,Extra Large,2026-09-22,1533,0 days 00:00:06
2026-09-22 13:16:03,GC02(26-012),29.67,44,Extra Large,2026-09-22,1533,0 days 00:00:16
2026-09-22 13:16:07,GC02(26-012),29.89,44,Extra Large,2026-09-22,1533,0 days 00:00:04
2026-09-22 13:16:12,GC02(26-012),29.81,44,Extra Large,2026-09-22,1533,0 days 00:00:05
2026-09-22 13:16:20,GC02(26-012),29.41,44,Extra Large,2026-09-22,1533,0 days 00:00:08
2026-09-22 13:16:27,GC02(26-012),29.56,44,Extra Large,2026-09-22,1532,0 days 00:00:07
2026-09-22 13:16:41,GC02(26-012),34.28,84,Medium,2026-09-22,1532,0 days 00:00:14
2026-09-22 13:16:51,GC02(26-012),35.29,84,Medium,2026-09-22,1532,0 days 00:00:10
2026-09-22 13:16:56,GC02(26-012),34.68,84,Medium,2026-09-22,1532,0 days 00:00:05
2026-09-22 13:17:02,GC02(26-012),35.04,84,Medium,2026-09-22,1532,0 days 00:00:06
2026-09-22 13:17:07,GC02(26-012),34.31,84,Medium,2026-09-22,1532,0 days 00:00:05
2026-09-22 13:17:14,GC02(26-012),34.65,84,Medium,2026-09-22,1532,0 days 00:00:07
2026-09-22 13:17:23,GC02(26-012),35.01,84,Medium,2026-09-22,1532,0 days 00:00:09
2026-09-22 13:17:27,GC02(26-012),33.65,84,Medium,2026-09-22,1531,0 days 00:00:04
2026-09-22 13:17:43,GC02(26-012),1.06,2,Large,2026-09-22,1531,0 days 00:00:16
2026-09-22 13:18:03,GC02(26-012),33.81,84,Medium,2026-09-22,1531,0 days 00:00:20
2026-09-22 13:18:09,GC02(26-012),33.23,84,Medium,2026-09-22,1531,0 days 00:00:06
2026-09-22 13:18:16,GC02(26-012),33.46,84,Medium,2026-09-22,1531,0 days 00:00:07
2026-09-22 13:18:22,GC02(26-012),34.09,84,Medium,2026-09-22,1531,0 days 00:00:06
2026-09-22 13:18:29,GC02(26-012),33.67,84,Medium,2026-09-22,1530,0 days 00:00:07
2026-09-22 13:18:35,GC02(26-012),33.43,84,Medium,2026-09-22,1530,0 days 00:00:06
2026-09-22 13:18:40,GC02(26-012),33.26,84,Medium,2026-09-22,1530,0 days 00:00:05
2026-09-22 13:18:50,GC02(26-012),29.99,44,Extra Large,2026-09-22,1530,0 days 00:00:10
2026-09-22 13:19:03,GC02(26-012),38.0,72,Large,2026-09-22,1530,0 days 00:00:13
2026-09-22 13:19:33,GC02(26-012),37.47,72,Large,2026-09-22,1529,0 days 00:00:30
2026-09-22 13:19:39,GC02(26-012),38.23,72,Large,2026-09-22,1529,0 days 00:00:06
2026-09-22 13:19:43,GC02(26-012),37.89,72,Large,2026-09-22,1529,0 days 00:00:04
2026-09-22 13:19:52,GC02(26-012),37.62,72,Large,2026-09-22,1529,0 days 00:00:09
2026-09-22 13:20:01,GC02(26-012),37.23,72,Large,2026-09-22,1529,0 days 00:00:09
2026-09-22 13:20:19,GC02(26-012),37.32,72,Large,2026-09-22,1529,0 days 00:00:18
2026-09-22 13:20:28,GC02(26-012),37.61,72,Large,2026-09-22,1528,0 days 00:00:09
2026-09-22 13:20:32,GC02(26-012),37.83,72,Large,2026-09-22,1528,0 days 00:00:04
2026-09-22 13:20:45,GC02(26-012),37.65,72,Large,2026-09-22,1528,0 days 00:00:13
2026-09-22 13:20:50,GC02(26-012),37.42,72,Large,2026-09-22,1528,0 days 00:00:05
2026-09-22 13:20:55,GC02(26-012),38.39,72,Large,2026-09-22,1528,0 days 00:00:05
2026-09-22 13:21:02,GC02(26-012),37.57,72,Large,2026-09-22,1528,0 days 00:00:07
2026-09-22 13:21:10,GC02(26-012),38.4,72,Large,2026-09-22,1528,0 days 00:00:08
2026-09-22 13:21:15,GC02(26-012),36.92,72,Large,2026-09-22,1528,0 days 00:00:05
2026-09-22 13:21:20,GC02(26-012),37.84,72,Large,2026-09-22,1528,0 days 00:00:05
2026-09-22 13:21:47,GC02(26-012),38.18,72,Large,2026-09-22,1527,0 days 00:00:27
2026-09-22 13:21:56,GC02(26-012),39.03,72,Large,2026-09-22,1527,0 days 00:00:09
2026-09-22 13:22:25,GC02(26-012),34.77,84,Medium,2026-09-22,1527,0 days 00:00:29
2026-09-22 13:22:37,GC02(26-012),34.92,84,Medium,2026-09-22,1526,0 days 00:00:12
2026-09-22 13:22:43,GC02(26-012),34.71,84,Medium,2026-09-22,1526,0 days 00:00:06
2026-09-22 13:22:48,GC02(26-012),34.39,84,Medium,2026-09-22,1526,0 days 00:00:05
2026-09-22 13:23:08,GC02(26-012),38.86,72,Large,2026-09-22,1526,0 days 00:00:20
2026-09-22 13:23:14,GC02(26-012),39.14,72,Large,2026-09-22,1526,0 days 00:00:06
2026-09-22 13:23:35,GC02(26-012),38.39,72,Large,2026-09-22,1525,0 days 00:00:21
2026-09-22 13:24:06,GC02(26-012),28.91,44,Extra Large,2026-09-22,1525,0 days 00:00:31
2026-09-22 13:24:19,GC02(26-012),29.17,44,Extra Large,2026-09-22,1525,0 days 00:00:13
2026-09-22 13:24:28,GC02(26-012),30.2,44,Extra Large,2026-09-22,1524,0 days 00:00:09
2026-09-22 13:24:38,GC02(26-012),31.39,44,Extra Large,2026-09-22,1524,0 days 00:00:10
2026-09-22 13:24:58,GC02(26-012),29.69,44,Extra Large,2026-09-22,1524,0 days 00:00:20
2026-09-22 13:25:05,GC02(26-012),30.75,44,Extra Large,2026-09-22,1524,0 days 00:00:07
2026-09-22 13:25:11,GC02(26-012),31.22,44,Extra Large,2026-09-22,1524,0 days 00:00:06
2026-09-22 13:25:17,GC02(26-012),29.67,44,Extra Large,2026-09-22,1524,0 days 00:00:06
2026-09-22 13:25:38,GC02(26-012),29.95,44,Extra Large,2026-09-22,1523,0 days 00:00:21
2026-09-22 13:25:44,GC02(26-012),29.74,44,Extra Large,2026-09-22,1523,0 days 00:00:06
2026-09-22 13:25:53,GC02(26-012),29.72,44,Extra Large,2026-09-22,1523,0 days 00:00:09
2026-09-22 13:25:58,GC02(26-012),30.05,44,Extra Large,2026-09-22,1523,0 days 00:00:05
2026-09-22 13:26:06,GC02(26-012),29.87,44,Extra Large,2026-09-22,1523,0 days 00:00:08
2026-09-22 13:26:14,GC02(26-012),29.19,44,Extra Large,2026-09-22,1523,0 days 00:00:08
2026-09-22 13:26:27,GC02(26-012),30.84,44,Extra Large,2026-09-22,1522,0 days 00:00:13
2026-09-22 13:26:30,GC02(26-012),30.84,44,Extra Large,2026-09-22,1522,0 days 00:00:03
2026-09-22 13:26:36,GC02(26-012),29.76,44,Extra Large,2026-09-22,1522,0 days 00:00:06
2026-09-22 13:26:54,GC02(26-012),36.73,120,Small,2026-09-22,1522,0 days 00:00:18
2026-09-22 13:27:00,GC02(26-012),36.17,120,Small,2026-09-22,1522,0 days 00:00:06
2026-09-22 13:27:07,GC02(26-012),34.95,120,Small,2026-09-22,1522,0 days 00:00:07
2026-09-22 13:27:13,GC02(26-012),31.38,120,Small,2026-09-22,1522,0 days 00:00:06
2026-09-22 13:27:19,GC02(26-012),35.75,120,Small,2026-09-22,1522,0 days 00:00:06
2026-09-22 13:27:28,GC02(26-012),31.5,120,Small,2026-09-22,1521,0 days 00:00:09
2026-09-22 13:27:32,GC02(26-012),30.64,120,Small,2026-09-22,1521,0 days 00:00:04
2026-09-22 13:27:38,GC02(26-012),35.42,120,Small,2026-09-22,1521,0 days 00:00:06
2026-09-22 13:27:44,GC02(26-012),36.0,120,Small,2026-09-22,1521,0 days 00:00:06
2026-09-22 13:27:49,GC02(26-012),37.19,120,Small,2026-09-22,1521,0 days 00:00:05
2026-09-22 13:27:55,GC02(26-012),36.64,120,Small,2026-09-22,1521,0 days 00:00:06
2026-09-22 13:28:01,GC02(26-012),34.5,120,Small,2026-09-22,1521,0 days 00:00:06
2026-09-22 13:28:22,GC02(26-012),35.8,120,Small,2026-09-22,1521,0 days 00:00:21
2026-09-22 13:28:37,GC02(26-012),36.77,120,Small,2026-09-22,1520,0 days 00:00:15
2026-09-22 13:28:52,GC02(26-012),35.64,120,Small,2026-09-22,1520,0 days 00:00:15
2026-09-22 13:28:58,GC02(26-012),37.76,120,Small,2026-09-22,1520,0 days 00:00:06
2026-09-22 13:29:26,GC02(26-012),33.95,120,Small,2026-09-22,1519,0 days 00:00:28
2026-09-22 13:29:32,GC02(26-012),35.22,120,Small,2026-09-22,1519,0 days 00:00:06
2026-09-22 13:29:38,GC02(26-012),35.42,120,Small,2026-09-22,1519,0 days 00:00:06
2026-09-22 13:29:52,GC02(26-012),35.79,120,Small,2026-09-22,1519,0 days 00:00:14
2026-09-22 13:29:56,GC02(26-012),36.43,120,Small,2026-09-22,1519,0 days 00:00:04
2026-09-22 13:30:11,GC02(26-012),30.74,44,Extra Large,2026-09-22,1519,0 days 00:00:15
2026-09-22 13:30:21,GC02(26-012),30.48,44,Extra Large,2026-09-22,1519,0 days 00:00:10
2026-09-22 13:30:26,GC02(26-012),29.65,44,Extra Large,2026-09-22,1518,0 days 00:00:05
2026-09-22 13:31:10,GC02(26-012),33.25,84,Medium,2026-09-22,1518,0 days 00:00:44
2026-09-22 13:31:27,GC02(26-012),29.75,44,Extra Large,2026-09-22,1517,0 days 00:00:17
2026-09-22 13:31:38,GC02(26-012),34.41,84,Medium,2026-09-22,1517,0 days 00:00:11
2026-09-22 13:31:58,GC02(26-012),35.03,84,Medium,2026-09-22,1517,0 days 00:00:20
2026-09-22 13:32:02,GC02(26-012),33.56,84,Medium,2026-09-22,1517,0 days 00:00:04
2026-09-22 13:32:08,GC02(26-012),33.74,84,Medium,2026-09-22,1517,0 days 00:00:06
2026-09-22 13:32:17,GC02(26-012),33.94,84,Medium,2026-09-22,1517,0 days 00:00:09
2026-09-22 13:32:25,GC02(26-012),35.46,84,Medium,2026-09-22,1517,0 days 00:00:08
2026-09-22 13:32:32,GC02(26-012),34.4,84,Medium,2026-09-22,1516,0 days 00:00:07
2026-09-22 13:32:40,GC02(26-012),33.54,84,Medium,2026-09-22,1516,0 days 00:00:08
2026-09-22 13:32:49,GC02(26-012),30.53,84,Medium,2026-09-22,1516,0 days 00:00:09
2026-09-22 13:32:54,GC02(26-012),33.4,84,Medium,2026-09-22,1516,0 days 00:00:05
2026-09-22 13:33:06,GC02(26-012),36.98,120,Small,2026-09-22,1516,0 days 00:00:12
2026-09-22 13:33:15,GC02(26-012),36.24,120,Small,2026-09-22,1516,0 days 00:00:09
2026-09-22 13:33:24,GC02(26-012),36.0,120,Small,2026-09-22,1516,0 days 00:00:09
2026-09-22 13:33:30,GC02(26-012),36.5,120,Small,2026-09-22,1515,0 days 00:00:06
2026-09-22 13:33:38,GC02(26-012),35.97,120,Small,2026-09-22,1515,0 days 00:00:08
2026-09-22 13:33:45,GC02(26-012),36.36,120,Small,2026-09-22,1515,0 days 00:00:07
2026-09-22 13:33:57,GC02(26-012),36.81,120,Small,2026-09-22,1515,0 days 00:00:12
2026-09-22 13:34:10,GC02(26-012),30.54,44,Extra Large,2026-09-22,1515,0 days 00:00:13
2026-09-22 13:34:24,GC02(26-012),29.24,44,Extra Large,2026-09-22,1515,0 days 00:00:14
2026-09-22 13:34:30,GC02(26-012),31.12,44,Extra Large,2026-09-22,1514,0 days 00:00:06
2026-09-22 13:34:42,GC02(26-012),29.89,44,Extra Large,2026-09-22,1514,0 days 00:00:12
2026-09-22 13:35:21,GC02(26-012),35.71,120,Small,2026-09-22,1514,0 days 00:00:39
2026-09-22 13:35:33,GC02(26-012),39.33,72,Large,2026-09-22,1513,0 days 00:00:12
2026-09-22 13:35:54,GC02(26-012),37.82,72,Large,2026-09-22,1513,0 days 00:00:21
2026-09-22 13:36:01,GC02(26-012),35.46,72,Large,2026-09-22,1513,0 days 00:00:07
2026-09-22 13:36:10,GC02(26-012),38.71,72,Large,2026-09-22,1513,0 days 00:00:09
2026-09-22 13:37:00,GC02(26-012),38.52,72,Large,2026-09-22,1512,0 days 00:00:50
2026-09-22 13:37:22,GC02(26-012),37.85,72,Large,2026-09-22,1512,0 days 00:00:22
2026-09-22 13:37:39,GC02(26-012),37.87,72,Large,2026-09-22,1511,0 days 00:00:17
2026-09-22 13:37:45,GC02(26-012),37.95,72,Large,2026-09-22,1511,0 days 00:00:06
2026-09-22 13:38:23,GC02(26-012),36.41,72,Large,2026-09-22,1511,0 days 00:00:38
2026-09-22 13:38:31,GC02(26-012),37.3,72,Large,2026-09-22,1510,0 days 00:00:08
2026-09-22 13:38:36,GC02(26-012),37.01,72,Large,2026-09-22,1510,0 days 00:00:05
2026-09-22 13:38:48,GC02(26-012),38.91,72,Large,2026-09-22,1510,0 days 00:00:12
2026-09-22 13:38:56,GC02(26-012),37.55,72,Large,2026-09-22,1510,0 days 00:00:08
2026-09-22 13:39:08,GC02(26-012),37.42,72,Large,2026-09-22,1510,0 days 00:00:12
2026-09-22 13:40:11,GC02(26-012),37.4,72,Large,2026-09-22,1509,0 days 00:01:03
2026-09-22 13:40:26,GC02(26-012),38.49,72,Large,2026-09-22,1508,0 days 00:00:15
2026-09-22 13:40:36,GC02(26-012),37.75,72,Large,2026-09-22,1508,0 days 00:00:10
2026-09-22 13:40:46,GC02(26-012),38.07,72,Large,2026-09-22,1508,0 days 00:00:10
2026-09-22 13:40:52,GC02(26-012),37.77,72,Large,2026-09-22,1508,0 days 00:00:06
2026-09-22 13:41:00,GC02(26-012),31.75,44,Extra Large,2026-09-22,1508,0 days 00:00:08
2026-09-22 13:41:13,GC02(26-012),36.48,200,Extra Small,2026-09-22,1508,0 days 00:00:13
2026-09-22 13:41:39,GC02(26-012),32.56,120,Small,2026-09-22,1507,0 days 00:00:26
2026-09-22 13:42:33,GC02(26-012),38.03,72,Large,2026-09-22,1506,0 days 00:00:54
2026-09-22 13:42:59,GB09(26-023),9.14,44,Small,2026-09-22,1506,0 days 00:00:26
2026-09-22 13:44:03,GB09(26-023),2.78,5,HLarge,2026-09-22,1505,0 days 00:01:04
2026-09-22 13:44:42,GB09(26-023),4.68,10,HLarge,2026-09-22,1504,0 days 00:00:39
2026-09-22 13:45:03,GB09(26-023),1.27,4,HSmall,2026-09-22,1504,0 days 00:00:21
2026-09-22 13:45:27,GB09(26-023),11.66,72,Extra Small,2026-09-22,1503,0 days 00:00:24
2026-09-22 13:45:45,GB09(26-023),3.65,33,Below 150,2026-09-22,1503,0 days 00:00:18
2026-09-22 13:46:04,GB09(26-023),1.39,4,Mortality,2026-09-22,1503,0 days 00:00:19
2026-09-22 13:47:28,GA08(25-091),0.4,1,Medium,2026-09-22,1501,0 days 00:01:24
2026-09-22 13:48:03,GA08(25-091),6.71,9,Extra Large,2026-09-22,1501,0 days 00:00:35
2026-09-22 13:48:16,GA08(25-091),7.92,8,XXL,2026-09-22,1501,0 days 00:00:13
2026-09-22 13:48:30,GA08(25-091),8.51,7,SXXL,2026-09-22,1500,0 days 00:00:14
2026-09-22 15:10:26,GC02(26-012),38.34,72,Large,2026-09-22,1418,0 days 01:21:56
2026-09-22 15:11:40,GC02(26-012),38.05,72,Large,2026-09-22,1417,0 days 00:01:14
2026-09-22 15:11:55,GC02(26-012),36.52,72,Large,2026-09-22,1417,0 days 00:00:15
2026-09-22 15:12:05,GC02(26-012),37.51,72,Large,2026-09-22,1417,0 days 00:00:10
2026-09-22 15:12:10,GC02(26-012),37.1,72,Large,2026-09-22,1417,0 days 00:00:05
2026-09-22 15:12:24,GC02(26-012),38.43,72,Large,2026-09-22,1417,0 days 00:00:14
2026-09-22 15:12:30,GC02(26-012),37.8,72,Large,2026-09-22,1416,0 days 00:00:06
2026-09-22 15:12:37,GC02(26-012),36.87,72,Large,2026-09-22,1416,0 days 00:00:07
2026-09-22 15:12:44,GC02(26-012),37.51,72,Large,2026-09-22,1416,0 days 00:00:07
2026-09-22 15:12:49,GC02(26-012),37.72,72,Large,2026-09-22,1416,0 days 00:00:05
2026-09-22 15:12:55,GC02(26-012),37.41,72,Large,2026-09-22,1416,0 days 00:00:06
2026-09-22 15:13:00,GC02(26-012),37.41,72,Large,2026-09-22,1416,0 days 00:00:05
2026-09-22 15:13:06,GC02(26-012),37.77,72,Large,2026-09-22,1416,0 days 00:00:06
2026-09-22 15:13:18,GC02(26-012),35.73,72,Large,2026-09-22,1416,0 days 00:00:12
2026-09-22 15:13:27,GC02(26-012),37.69,72,Large,2026-09-22,1415,0 days 00:00:09
2026-09-22 15:13:35,GC02(26-012),37.16,72,Large,2026-09-22,1415,0 days 00:00:08
2026-09-22 15:13:40,GC02(26-012),37.66,72,Large,2026-09-22,1415,0 days 00:00:05
2026-09-22 15:13:46,GC02(26-012),37.29,72,Large,2026-09-22,1415,0 days 00:00:06
2026-09-22 15:14:01,GC02(26-012),36.87,72,Large,2026-09-22,1415,0 days 00:00:15
2026-09-22 15:14:08,GC02(26-012),38.62,72,Large,2026-09-22,1415,0 days 00:00:07
2026-09-22 15:14:17,GC02(26-012),38.29,72,Large,2026-09-22,1415,0 days 00:00:09
2026-09-22 15:14:23,GC02(26-012),36.66,72,Large,2026-09-22,1415,0 days 00:00:06
2026-09-22 15:14:30,GC02(26-012),37.16,72,Large,2026-09-22,1414,0 days 00:00:07
2026-09-22 15:14:35,GC02(26-012),37.45,72,Large,2026-09-22,1414,0 days 00:00:05
2026-09-22 15:14:40,GC02(26-012),36.65,72,Large,2026-09-22,1414,0 days 00:00:05
2026-09-22 15:14:49,GC02(26-012),37.46,72,Large,2026-09-22,1414,0 days 00:00:09
2026-09-22 15:14:54,GC02(26-012),38.3,72,Large,2026-09-22,1414,0 days 00:00:05
2026-09-22 15:15:04,GC02(26-012),37.56,72,Large,2026-09-22,1414,0 days 00:00:10
2026-09-22 15:15:08,GC02(26-012),37.48,72,Large,2026-09-22,1414,0 days 00:00:04
2026-09-22 15:15:14,GC02(26-012),37.14,72,Large,2026-09-22,1414,0 days 00:00:06
2026-09-22 15:15:26,GC02(26-012),38.5,72,Large,2026-09-22,1413,0 days 00:00:12
2026-09-22 15:15:30,GC02(26-012),37.63,72,Large,2026-09-22,1413,0 days 00:00:04
2026-09-22 15:15:37,GC02(26-012),37.29,72,Large,2026-09-22,1413,0 days 00:00:07
2026-09-22 15:15:45,GC02(26-012),37.89,72,Large,2026-09-22,1413,0 days 00:00:08
2026-09-22 15:15:55,GC02(26-012),37.1,72,Large,2026-09-22,1413,0 days 00:00:10
2026-09-22 15:16:03,GC02(26-012),37.65,72,Large,2026-09-22,1413,0 days 00:00:08
2026-09-22 15:16:08,GC02(26-012),37.66,72,Large,2026-09-22,1413,0 days 00:00:05
2026-09-22 15:16:22,GC02(26-012),36.42,72,Large,2026-09-22,1413,0 days 00:00:14
2026-09-22 15:16:28,GC02(26-012),38.02,72,Large,2026-09-22,1412,0 days 00:00:06
2026-09-22 15:16:33,GC02(26-012),38.57,72,Large,2026-09-22,1412,0 days 00:00:05
2026-09-22 15:16:37,GC02(26-012),40.7,72,Large,2026-09-22,1412,0 days 00:00:04
2026-09-22 15:17:31,GC02(26-012),39.69,72,Large,2026-09-22,1411,0 days 00:00:54
2026-09-22 15:17:39,GC02(26-012),38.94,72,Large,2026-09-22,1411,0 days 00:00:08
2026-09-22 15:17:47,GC02(26-012),38.33,72,Large,2026-09-22,1411,0 days 00:00:08
2026-09-22 15:17:53,GC02(26-012),38.07,72,Large,2026-09-22,1411,0 days 00:00:06
2026-09-22 15:17:59,GC02(26-012),36.3,72,Large,2026-09-22,1411,0 days 00:00:06
2026-09-22 15:18:04,GC02(26-012),36.96,72,Large,2026-09-22,1411,0 days 00:00:05
2026-09-22 15:18:09,GC02(26-012),37.82,72,Large,2026-09-22,1411,0 days 00:00:05
2026-09-22 15:18:14,GC02(26-012),37.15,72,Large,2026-09-22,1411,0 days 00:00:05
2026-09-22 15:18:19,GC02(26-012),37.8,72,Large,2026-09-22,1411,0 days 00:00:05
2026-09-22 15:18:24,GC02(26-012),37.22,72,Large,2026-09-22,1411,0 days 00:00:05
2026-09-22 15:18:31,GC02(26-012),37.72,72,Large,2026-09-22,1410,0 days 00:00:07
2026-09-22 15:18:37,GC02(26-012),37.57,72,Large,2026-09-22,1410,0 days 00:00:06
2026-09-22 15:18:45,GC02(26-012),37.63,72,Large,2026-09-22,1410,0 days 00:00:08
2026-09-22 15:18:53,GC02(26-012),36.95,72,Large,2026-09-22,1410,0 days 00:00:08
2026-09-22 15:19:09,GC02(26-012),35.03,84,Medium,2026-09-22,1410,0 days 00:00:16
2026-09-22 15:19:22,GC02(26-012),35.37,84,Medium,2026-09-22,1410,0 days 00:00:13
2026-09-22 15:19:27,GC02(26-012),34.62,84,Medium,2026-09-22,1409,0 days 00:00:05
2026-09-22 15:19:40,GC02(26-012),33.33,84,Medium,2026-09-22,1409,0 days 00:00:13
2026-09-22 15:19:56,GC02(26-012),34.45,84,Medium,2026-09-22,1409,0 days 00:00:16
2026-09-22 15:20:10,GC02(26-012),34.61,84,Medium,2026-09-22,1409,0 days 00:00:14
2026-09-22 15:20:18,GC02(26-012),34.65,84,Medium,2026-09-22,1409,0 days 00:00:08
2026-09-22 15:20:24,GC02(26-012),33.64,84,Medium,2026-09-22,1409,0 days 00:00:06
2026-09-22 15:20:28,GC02(26-012),34.54,84,Medium,2026-09-22,1408,0 days 00:00:04
2026-09-22 15:20:33,GC02(26-012),34.94,84,Medium,2026-09-22,1408,0 days 00:00:05
2026-09-22 15:20:44,GC02(26-012),33.64,84,Medium,2026-09-22,1408,0 days 00:00:11
2026-09-22 15:20:56,GC02(26-012),33.97,84,Medium,2026-09-22,1408,0 days 00:00:12
2026-09-22 15:21:02,GC02(26-012),33.62,84,Medium,2026-09-22,1408,0 days 00:00:06
2026-09-22 15:21:08,GC02(26-012),33.24,84,Medium,2026-09-22,1408,0 days 00:00:06
2026-09-22 15:21:13,GC02(26-012),33.88,84,Medium,2026-09-22,1408,0 days 00:00:05
2026-09-22 15:21:18,GC02(26-012),35.47,84,Medium,2026-09-22,1408,0 days 00:00:05
2026-09-22 15:21:25,GC02(26-012),33.67,84,Medium,2026-09-22,1408,0 days 00:00:07
2026-09-22 15:21:31,GC02(26-012),34.75,84,Medium,2026-09-22,1407,0 days 00:00:06
2026-09-22 15:21:41,GC02(26-012),33.59,84,Medium,2026-09-22,1407,0 days 00:00:10
2026-09-22 15:21:47,GC02(26-012),33.75,84,Medium,2026-09-22,1407,0 days 00:00:06
2026-09-22 15:22:55,GC02(26-012),33.19,84,Medium,2026-09-22,1406,0 days 00:01:08
2026-09-22 15:23:05,GC02(26-012),34.43,84,Medium,2026-09-22,1406,0 days 00:00:10
2026-09-22 15:23:10,GC02(26-012),33.34,84,Medium,2026-09-22,1406,0 days 00:00:05
2026-09-22 15:23:17,GC02(26-012),33.84,84,Medium,2026-09-22,1406,0 days 00:00:07
2026-09-22 15:23:22,GC02(26-012),36.02,84,Medium,2026-09-22,1406,0 days 00:00:05
2026-09-22 15:23:29,GC02(26-012),33.78,84,Medium,2026-09-22,1405,0 days 00:00:07
2026-09-22 15:23:35,GC02(26-012),34.04,84,Medium,2026-09-22,1405,0 days 00:00:06
2026-09-22 15:23:40,GC02(26-012),33.67,84,Medium,2026-09-22,1405,0 days 00:00:05
2026-09-22 15:23:55,GC02(26-012),33.24,84,Medium,2026-09-22,1405,0 days 00:00:15
2026-09-22 15:23:58,GC02(26-012),33.51,84,Medium,2026-09-22,1405,0 days 00:00:03
2026-09-22 15:24:08,GC02(26-012),29.15,44,Extra Large,2026-09-22,1405,0 days 00:00:10
2026-09-22 15:24:13,GC02(26-012),29.97,44,Extra Large,2026-09-22,1405,0 days 00:00:05
2026-09-22 15:24:17,GC02(26-012),30.57,44,Extra Large,2026-09-22,1405,0 days 00:00:04
2026-09-22 15:24:23,GC02(26-012),29.88,44,Extra Large,2026-09-22,1405,0 days 00:00:06
2026-09-22 15:24:30,GC02(26-012),30.75,44,Extra Large,2026-09-22,1404,0 days 00:00:07
2026-09-22 15:24:36,GC02(26-012),28.79,44,Extra Large,2026-09-22,1404,0 days 00:00:06
2026-09-22 15:24:55,GC02(26-012),30.36,44,Extra Large,2026-09-22,1404,0 days 00:00:19
2026-09-22 15:26:18,GC02(26-012),29.6,44,Extra Large,2026-09-22,1403,0 days 00:01:23
2026-09-22 15:26:23,GC02(26-012),30.79,44,Extra Large,2026-09-22,1403,0 days 00:00:05
2026-09-22 15:26:34,GC02(26-012),30.0,44,Extra Large,2026-09-22,1402,0 days 00:00:11
2026-09-22 15:26:54,GC02(26-012),29.6,44,Extra Large,2026-09-22,1402,0 days 00:00:20
2026-09-22 15:27:01,GC02(26-012),30.06,44,Extra Large,2026-09-22,1402,0 days 00:00:07
2026-09-22 15:27:08,GC02(26-012),29.62,44,Extra Large,2026-09-22,1402,0 days 00:00:07
2026-09-22 15:27:24,GC02(26-012),28.84,44,Extra Large,2026-09-22,1402,0 days 00:00:16
2026-09-22 15:27:30,GC02(26-012),29.88,44,Extra Large,2026-09-22,1401,0 days 00:00:06
2026-09-22 15:27:35,GC02(26-012),30.47,44,Extra Large,2026-09-22,1401,0 days 00:00:05
2026-09-22 15:27:40,GC02(26-012),30.89,44,Extra Large,2026-09-22,1401,0 days 00:00:05
2026-09-22 15:27:45,GC02(26-012),29.47,44,Extra Large,2026-09-22,1401,0 days 00:00:05
2026-09-22 15:27:57,GC02(26-012),29.71,44,Extra Large,2026-09-22,1401,0 days 00:00:12
2026-09-22 15:28:01,GC02(26-012),30.24,44,Extra Large,2026-09-22,1401,0 days 00:00:04
2026-09-22 15:28:08,GC02(26-012),30.32,44,Extra Large,2026-09-22,1401,0 days 00:00:07
2026-09-22 15:28:50,GC02(26-012),29.31,44,Extra Large,2026-09-22,1400,0 days 00:00:42
2026-09-22 15:28:57,GC02(26-012),28.9,44,Extra Large,2026-09-22,1400,0 days 00:00:07
2026-09-22 15:29:02,GC02(26-012),29.76,44,Extra Large,2026-09-22,1400,0 days 00:00:05
2026-09-22 15:29:09,GC02(26-012),29.3,44,Extra Large,2026-09-22,1400,0 days 00:00:07
2026-09-22 15:29:17,GC02(26-012),29.5,44,Extra Large,2026-09-22,1400,0 days 00:00:08
2026-09-22 15:29:23,GC02(26-012),29.37,44,Extra Large,2026-09-22,1400,0 days 00:00:06
2026-09-22 15:29:38,GC02(26-012),31.5,44,Extra Large,2026-09-22,1399,0 days 00:00:15
2026-09-22 15:29:44,GC02(26-012),29.56,44,Extra Large,2026-09-22,1399,0 days 00:00:06
2026-09-22 15:29:50,GC02(26-012),29.91,44,Extra Large,2026-09-22,1399,0 days 00:00:06
2026-09-22 15:29:56,GC02(26-012),29.89,44,Extra Large,2026-09-22,1399,0 days 00:00:06
2026-09-22 15:30:01,GC02(26-012),28.38,44,Extra Large,2026-09-22,1399,0 days 00:00:05
2026-09-22 15:30:20,GC02(26-012),30.65,44,Extra Large,2026-09-22,1399,0 days 00:00:19
2026-09-22 15:30:30,GC02(26-012),29.79,44,Extra Large,2026-09-22,1398,0 days 00:00:10
2026-09-22 15:30:35,GC02(26-012),29.95,44,Extra Large,2026-09-22,1398,0 days 00:00:05
2026-09-22 15:30:43,GC02(26-012),30.07,44,Extra Large,2026-09-22,1398,0 days 00:00:08
2026-09-22 15:30:48,GC02(26-012),29.8,44,Extra Large,2026-09-22,1398,0 days 00:00:05
2026-09-22 15:31:35,GC02(26-012),29.58,44,Extra Large,2026-09-22,1397,0 days 00:00:47
2026-09-22 15:31:44,GC02(26-012),30.23,44,Extra Large,2026-09-22,1397,0 days 00:00:09
2026-09-22 15:31:49,GC02(26-012),31.65,44,Extra Large,2026-09-22,1397,0 days 00:00:05
2026-09-22 15:31:54,GC02(26-012),29.74,44,Extra Large,2026-09-22,1397,0 days 00:00:05
2026-09-22 15:32:03,GC02(26-012),31.23,44,Extra Large,2026-09-22,1397,0 days 00:00:09
2026-09-22 15:32:10,GC02(26-012),32.78,44,Extra Large,2026-09-22,1397,0 days 00:00:07
2026-09-22 15:32:17,GC02(26-012),31.06,44,Extra Large,2026-09-22,1397,0 days 00:00:07
2026-09-22 15:32:22,GC02(26-012),28.85,44,Extra Large,2026-09-22,1397,0 days 00:00:05
2026-09-22 15:32:27,GC02(26-012),29.44,44,Extra Large,2026-09-22,1396,0 days 00:00:05
2026-09-22 15:32:32,GC02(26-012),30.1,44,Extra Large,2026-09-22,1396,0 days 00:00:05
2026-09-22 15:32:41,GC02(26-012),30.25,44,Extra Large,2026-09-22,1396,0 days 00:00:09
2026-09-22 15:32:46,GC02(26-012),29.31,44,Extra Large,2026-09-22,1396,0 days 00:00:05
2026-09-22 15:32:52,GC02(26-012),29.66,44,Extra Large,2026-09-22,1396,0 days 00:00:06
2026-09-22 15:32:56,GC02(26-012),29.89,44,Extra Large,2026-09-22,1396,0 days 00:00:04
2026-09-22 15:33:04,GC02(26-012),29.23,44,Extra Large,2026-09-22,1396,0 days 00:00:08
2026-09-22 15:33:09,GC02(26-012),29.72,44,Extra Large,2026-09-22,1396,0 days 00:00:05
2026-09-22 15:33:22,GC02(26-012),30.58,44,Extra Large,2026-09-22,1396,0 days 00:00:13
2026-09-22 15:33:28,GC02(26-012),30.8,44,Extra Large,2026-09-22,1395,0 days 00:00:06
2026-09-22 15:33:35,GC02(26-012),29.31,44,Extra Large,2026-09-22,1395,0 days 00:00:07
2026-09-22 15:33:42,GC02(26-012),29.76,44,Extra Large,2026-09-22,1395,0 days 00:00:07
2026-09-22 15:33:48,GC02(26-012),30.84,44,Extra Large,2026-09-22,1395,0 days 00:00:06
2026-09-22 15:33:55,GC02(26-012),29.86,44,Extra Large,2026-09-22,1395,0 days 00:00:07
2026-09-22 15:34:12,GC02(26-012),38.3,72,Large,2026-09-22,1395,0 days 00:00:17
2026-09-22 15:34:20,GC02(26-012),38.29,72,Large,2026-09-22,1395,0 days 00:00:08
2026-09-22 15:34:24,GC02(26-012),38.07,72,Large,2026-09-22,1395,0 days 00:00:04
2026-09-22 15:34:30,GC02(26-012),37.1,72,Large,2026-09-22,1394,0 days 00:00:06
2026-09-22 15:34:36,GC02(26-012),37.35,72,Large,2026-09-22,1394,0 days 00:00:06
2026-09-22 15:34:41,GC02(26-012),37.57,72,Large,2026-09-22,1394,0 days 00:00:05
2026-09-22 15:34:48,GC02(26-012),37.51,72,Large,2026-09-22,1394,0 days 00:00:07
2026-09-22 15:34:53,GC02(26-012),38.24,72,Large,2026-09-22,1394,0 days 00:00:05
2026-09-22 15:34:57,GC02(26-012),38.42,72,Large,2026-09-22,1394,0 days 00:00:04
2026-09-22 15:35:05,GC02(26-012),38.71,72,Large,2026-09-22,1394,0 days 00:00:08
2026-09-22 15:35:09,GC02(26-012),38.3,72,Large,2026-09-22,1394,0 days 00:00:04
2026-09-22 15:35:18,GC02(26-012),37.42,72,Large,2026-09-22,1394,0 days 00:00:09
2026-09-22 15:35:41,GC02(26-012),36.33,72,Large,2026-09-22,1393,0 days 00:00:23
2026-09-22 15:36:16,GC02(26-012),1.64,3,Large,2026-09-22,1393,0 days 00:00:35
2026-09-22 15:36:29,GC02(26-012),38.62,72,Large,2026-09-22,1392,0 days 00:00:13
2026-09-22 15:36:35,GC02(26-012),36.61,72,Large,2026-09-22,1392,0 days 00:00:06
2026-09-22 15:36:43,GC02(26-012),36.66,72,Large,2026-09-22,1392,0 days 00:00:08
2026-09-22 15:36:48,GC02(26-012),37.26,72,Large,2026-09-22,1392,0 days 00:00:05
2026-09-22 15:37:02,GC02(26-012),38.09,72,Large,2026-09-22,1392,0 days 00:00:14
2026-09-22 15:37:09,GC02(26-012),37.58,72,Large,2026-09-22,1392,0 days 00:00:07
2026-09-22 15:37:18,GC02(26-012),36.53,72,Large,2026-09-22,1392,0 days 00:00:09
2026-09-22 15:37:35,GC02(26-012),38.09,72,Large,2026-09-22,1391,0 days 00:00:17
2026-09-22 15:37:42,GC02(26-012),37.24,72,Large,2026-09-22,1391,0 days 00:00:07
2026-09-22 15:38:32,GC02(26-012),36.92,72,Large,2026-09-22,1390,0 days 00:00:50
2026-09-22 15:38:39,GC02(26-012),37.1,72,Large,2026-09-22,1390,0 days 00:00:07
2026-09-22 15:38:44,GC02(26-012),38.11,72,Large,2026-09-22,1390,0 days 00:00:05
2026-09-22 15:38:50,GC02(26-012),37.5,72,Large,2026-09-22,1390,0 days 00:00:06
2026-09-22 15:39:06,GC02(26-012),38.18,72,Large,2026-09-22,1390,0 days 00:00:16
2026-09-22 15:41:27,GC02(26-012),33.42,64,Large,2026-09-22,1387,0 days 00:02:21
2026-09-22 15:41:47,GC02(26-012),29.44,44,Extra Large,2026-09-22,1387,0 days 00:00:20
2026-09-22 15:41:55,GC02(26-012),30.38,44,Extra Large,2026-09-22,1387,0 days 00:00:08
2026-09-22 15:42:01,GC02(26-012),29.43,44,Extra Large,2026-09-22,1387,0 days 00:00:06
2026-09-22 15:42:11,GC02(26-012),29.17,44,Extra Large,2026-09-22,1387,0 days 00:00:10
2026-09-22 15:42:35,GC02(26-012),32.29,44,Extra Large,2026-09-22,1386,0 days 00:00:24
2026-09-22 15:42:44,GC02(26-012),30.35,44,Extra Large,2026-09-22,1386,0 days 00:00:09
2026-09-22 15:43:02,GC02(26-012),29.95,44,Extra Large,2026-09-22,1386,0 days 00:00:18
2026-09-22 15:43:16,GC02(26-012),29.44,44,Extra Large,2026-09-22,1386,0 days 00:00:14
2026-09-22 15:43:29,GC02(26-012),30.47,44,Extra Large,2026-09-22,1385,0 days 00:00:13
2026-09-22 15:44:43,GC02(26-012),33.3,84,Medium,2026-09-22,1384,0 days 00:01:14
2026-09-22 15:45:47,GC02(26-012),34.67,84,Medium,2026-09-22,1383,0 days 00:01:04
2026-09-22 15:45:53,GC02(26-012),34.24,84,Medium,2026-09-22,1383,0 days 00:00:06
2026-09-22 15:45:58,GC02(26-012),33.45,84,Medium,2026-09-22,1383,0 days 00:00:05
2026-09-22 15:46:05,GC02(26-012),33.83,84,Medium,2026-09-22,1383,0 days 00:00:07
2026-09-22 15:46:19,GC02(26-012),33.67,84,Medium,2026-09-22,1383,0 days 00:00:14
2026-09-22 15:46:27,GC02(26-012),33.0,84,Medium,2026-09-22,1382,0 days 00:00:08
2026-09-22 15:46:34,GC02(26-012),33.71,84,Medium,2026-09-22,1382,0 days 00:00:07
2026-09-22 15:46:40,GC02(26-012),33.82,84,Medium,2026-09-22,1382,0 days 00:00:06
2026-09-22 15:47:00,GC02(26-012),35.61,84,Medium,2026-09-22,1382,0 days 00:00:20
2026-09-22 15:47:06,GC02(26-012),34.19,84,Medium,2026-09-22,1382,0 days 00:00:06
2026-09-22 15:47:12,GC02(26-012),33.87,84,Medium,2026-09-22,1382,0 days 00:00:06
2026-09-22 15:47:18,GC02(26-012),34.14,84,Medium,2026-09-22,1382,0 days 00:00:06
2026-09-22 15:47:38,GC02(26-012),27.12,28,XXL,2026-09-22,1381,0 days 00:00:20
2026-09-22 15:47:52,GC02(26-012),22.32,21,XXL,2026-09-22,1381,0 days 00:00:14
2026-09-22 15:48:03,GC02(26-012),34.42,120,Small,2026-09-22,1381,0 days 00:00:11
2026-09-22 15:48:16,GC02(26-012),34.29,120,Small,2026-09-22,1381,0 days 00:00:13
2026-09-22 15:48:25,GC02(26-012),35.4,120,Small,2026-09-22,1381,0 days 00:00:09
2026-09-22 15:48:35,GC02(26-012),35.35,120,Small,2026-09-22,1380,0 days 00:00:10
2026-09-22 15:48:45,GC02(26-012),34.79,120,Small,2026-09-22,1380,0 days 00:00:10
2026-09-22 15:48:56,GC02(26-012),35.51,120,Small,2026-09-22,1380,0 days 00:00:11
2026-09-22 15:49:04,GC02(26-012),36.54,120,Small,2026-09-22,1380,0 days 00:00:08
2026-09-22 15:49:08,GC02(26-012),35.82,120,Small,2026-09-22,1380,0 days 00:00:04
2026-09-22 15:49:15,GC02(26-012),36.66,120,Small,2026-09-22,1380,0 days 00:00:07
2026-09-22 15:49:21,GC02(26-012),34.35,120,Small,2026-09-22,1380,0 days 00:00:06
2026-09-22 15:49:31,GC02(26-012),35.1,120,Small,2026-09-22,1379,0 days 00:00:10
2026-09-22 15:49:38,GC02(26-012),34.88,120,Small,2026-09-22,1379,0 days 00:00:07
2026-09-22 15:49:44,GC02(26-012),35.82,120,Small,2026-09-22,1379,0 days 00:00:06
2026-09-22 15:50:00,GC02(26-012),37.58,120,Small,2026-09-22,1379,0 days 00:00:16
2026-09-22 15:50:16,GC02(26-012),38.3,120,Small,2026-09-22,1379,0 days 00:00:16
2026-09-22 15:50:23,GC02(26-012),38.23,120,Small,2026-09-22,1379,0 days 00:00:07
2026-09-22 15:50:29,GC02(26-012),31.3,120,Small,2026-09-22,1378,0 days 00:00:06
2026-09-22 15:50:36,GC02(26-012),31.41,120,Small,2026-09-22,1378,0 days 00:00:07
2026-09-22 15:50:47,GC02(26-012),5.33,17,Small,2026-09-22,1378,0 days 00:00:11
2026-09-22 15:50:58,GC02(26-012),31.0,120,Small,2026-09-22,1378,0 days 00:00:11
2026-09-22 15:52:09,GC02(26-012),30.69,78,HMedium,2026-09-22,1377,0 days 00:01:11
2026-09-22 15:52:34,GC02(26-012),22.45,126,Extra Small,2026-09-22,1376,0 days 00:00:25
2026-09-22 15:52:53,GC02(26-012),15.03,24,HExtra Large,2026-09-22,1376,0 days 00:00:19
2026-09-22 15:53:26,GC02(26-012),8.52,64,Below 150,2026-09-22,1375,0 days 00:00:33
2026-09-22 15:53:49,GC02(26-012),27.72,71,HMedium,2026-09-22,1375,0 days 00:00:23
2026-09-22 15:54:20,GC02(26-012),29.91,106,HSmall,2026-09-22,1375,0 days 00:00:31
2026-09-22 15:54:48,GC02(26-012),6.23,14,Mortality,2026-09-22,1374,0 days 00:00:28
2026-09-22 15:55:23,GC02(26-012),1.46,3,Large,2026-09-22,1374,0 days 00:00:35
2026-09-22 15:57:30,NA13(26-078),33.81,1378,Culled Fish,2026-09-22,1371,0 days 00:02:07
2026-09-22 15:58:06,NA13(26-078),42.52,1732,Culled Fish,2026-09-22,1371,0 days 00:00:36
2026-09-22 15:58:28,NA13(26-078),45.4,1849,Culled Fish,2026-09-22,1370,0 days 00:00:22
2026-09-22 15:58:48,NA13(26-078),36.09,1470,Culled Fish,2026-09-22,1370,0 days 00:00:20
2026-09-22 15:59:17,NA13(26-078),33.87,1380,Culled Fish,2026-09-22,1370,0 days 00:00:29
2026-09-22 15:59:40,NA13(26-078),45.82,1867,Culled Fish,2026-09-22,1369,0 days 00:00:23
2026-09-22 16:00:07,NA13(26-078),34.72,1415,Culled Fish,2026-09-22,1369,0 days 00:00:27
2026-09-22 16:00:24,NA13(26-078),37.5,1527,Culled Fish,2026-09-22,1369,0 days 00:00:17
2026-09-22 16:00:51,NA13(26-078),44.77,1824,Culled Fish,2026-09-22,1368,0 days 00:00:27
2026-09-22 16:01:07,NA13(26-078),44.05,1794,Culled Fish,2026-09-22,1368,0 days 00:00:16
2026-09-22 16:01:21,NA13(26-078),37.83,1541,Culled Fish,2026-09-22,1368,0 days 00:00:14
2026-09-22 16:01:35,NA13(26-078),45.33,1846,Culled Fish,2026-09-22,1367,0 days 00:00:14
2026-09-22 16:01:55,NA13(26-078),47.01,1872,Culled Fish,2026-09-22,1367,0 days 00:00:20
2026-09-22 16:02:18,NA13(26-078),34.83,1419,Culled Fish,2026-09-22,1367,0 days 00:00:23
2026-09-22 16:02:32,NA13(26-078),38.62,1573,Culled Fish,2026-09-22,1366,0 days 00:00:14
2026-09-22 16:02:52,NA13(26-078),40.85,1664,Culled Fish,2026-09-22,1366,0 days 00:00:20
2026-09-22 16:03:07,NA13(26-078),39.02,1589,Culled Fish,2026-09-22,1366,0 days 00:00:15
2026-09-22 16:03:25,NA13(26-078),34.36,1400,Culled Fish,2026-09-22,1366,0 days 00:00:18
2026-09-22 16:03:40,NA13(26-078),45.77,1864,Culled Fish,2026-09-22,1365,0 days 00:00:15
2026-09-22 16:04:03,NA13(26-078),42.41,1728,Culled Fish,2026-09-22,1365,0 days 00:00:23
2026-09-22 16:06:30,NA13(26-078),41.57,1693,Culled Fish,2026-09-22,1362,0 days 00:02:27
2026-09-22 16:08:51,NA13(26-078),40.38,1615,Culled Fish,2026-09-22,1360,0 days 00:02:21
2026-09-22 16:09:20,NA13(26-078),41.42,1587,Culled Fish,2026-09-22,1360,0 days 00:00:29
2026-09-22 16:09:35,NA13(26-078),38.79,1580,Culled Fish,2026-09-22,1359,0 days 00:00:15
2026-09-22 16:09:51,NA13(26-078),40.93,1567,Culled Fish,2026-09-22,1359,0 days 00:00:16
2026-09-22 16:10:06,NA13(26-078),44.04,1794,Culled Fish,2026-09-22,1359,0 days 00:00:15
2026-09-22 16:10:22,NA13(26-078),41.69,1698,Culled Fish,2026-09-22,1359,0 days 00:00:16
2026-09-22 16:10:36,NA13(26-078),47.98,1954,Culled Fish,2026-09-22,1358,0 days 00:00:14
2026-09-22 16:10:52,NA13(26-078),38.13,1553,Culled Fish,2026-09-22,1358,0 days 00:00:16
2026-09-22 16:11:16,NA13(26-078),47.52,1936,Culled Fish,2026-09-22,1358,0 days 00:00:24
2026-09-22 16:11:32,NA13(26-078),46.59,1899,Culled Fish,2026-09-22,1357,0 days 00:00:16
2026-09-22 16:11:51,NA13(26-078),43.73,1782,Culled Fish,2026-09-22,1357,0 days 00:00:19
2026-09-22 16:12:08,NA13(26-078),37.89,1543,Culled Fish,2026-09-22,1357,0 days 00:00:17
2026-09-22 16:12:23,NA13(26-078),39.26,1599,Culled Fish,2026-09-22,1357,0 days 00:00:15
2026-09-22 16:12:40,NA13(26-078),44.69,1821,Culled Fish,2026-09-22,1356,0 days 00:00:17
2026-09-22 16:12:56,NA13(26-078),37.54,1529,Culled Fish,2026-09-22,1356,0 days 00:00:16
2026-09-22 16:13:15,NA13(26-078),39.82,1622,Culled Fish,2026-09-22,1356,0 days 00:00:19
2026-09-22 16:13:30,NA13(26-078),38.43,1565,Culled Fish,2026-09-22,1355,0 days 00:00:15
2026-09-22 16:13:48,NA13(26-078),41.93,1708,Culled Fish,2026-09-22,1355,0 days 00:00:18
2026-09-22 16:14:04,NA13(26-078),41.26,1681,Culled Fish,2026-09-22,1355,0 days 00:00:16
2026-09-22 16:14:45,NA13(26-078),40.28,1541,Culled Fish,2026-09-22,1354,0 days 00:00:41
2026-09-22 16:15:01,NA13(26-078),34.16,1322,Culled Fish,2026-09-22,1354,0 days 00:00:16
2026-09-22 16:15:16,NA13(26-078),40.74,1660,Culled Fish,2026-09-22,1354,0 days 00:00:15
2026-09-22 16:15:30,NA13(26-078),43.91,1789,Culled Fish,2026-09-22,1353,0 days 00:00:14
2026-09-22 16:15:49,NA13(26-078),44.42,1809,Culled Fish,2026-09-22,1353,0 days 00:00:19
2026-09-22 16:16:04,NA13(26-078),44.41,1809,Culled Fish,2026-09-22,1353,0 days 00:00:15
2026-09-22 16:16:23,NA13(26-078),43.58,1785,Culled Fish,2026-09-22,1353,0 days 00:00:19
2026-09-22 16:16:42,NA13(26-078),44.63,1817,Culled Fish,2026-09-22,1352,0 days 00:00:19
2026-09-22 16:16:59,NA13(26-078),42.44,1729,Culled Fish,2026-09-22,1352,0 days 00:00:17
2026-09-22 16:17:16,NA13(26-078),2.17,1475,Culled Fish,2026-09-22,1352,0 days 00:00:17
2026-09-22 16:17:28,NA13(26-078),45.59,1857,Culled Fish,2026-09-22,1351,0 days 00:00:12
2026-09-22 16:17:42,NA13(26-078),45.51,1854,Culled Fish,2026-09-22,1351,0 days 00:00:14
2026-09-22 16:18:09,NA13(26-078),44.62,1818,Culled Fish,2026-09-22,1351,0 days 00:00:27
2026-09-22 16:18:27,NA13(26-078),38.04,1549,Culled Fish,2026-09-22,1350,0 days 00:00:18
2026-09-22 16:19:19,NA13(26-078),39.21,1496,Culled Fish,2026-09-22,1350,0 days 00:00:52
2026-09-22 16:20:05,NA13(26-078),41.66,1697,Culled Fish,2026-09-22,1349,0 days 00:00:46
2026-09-22 16:20:48,NA13(26-078),40.66,1657,Culled Fish,2026-09-22,1348,0 days 00:00:43
2026-09-22 16:21:15,NA13(26-078),41.88,1706,Culled Fish,2026-09-22,1348,0 days 00:00:27
2026-09-22 16:21:38,NA13(26-078),44.11,1797,Culled Fish,2026-09-22,1347,0 days 00:00:23
2026-09-22 16:21:55,NA13(26-078),40.95,1668,Culled Fish,2026-09-22,1347,0 days 00:00:17
2026-09-22 16:22:26,NA13(26-078),43.37,1767,Culled Fish,2026-09-22,1346,0 days 00:00:31
2026-09-22 16:23:03,NA13(26-078),42.06,1713,Culled Fish,2026-09-22,1346,0 days 00:00:37
2026-09-22 16:23:19,NA13(26-078),39.41,1605,Culled Fish,2026-09-22,1346,0 days 00:00:16
2026-09-22 16:23:41,NA13(26-078),42.88,1747,Culled Fish,2026-09-22,1345,0 days 00:00:22
2026-09-22 16:24:12,NA13(26-078),39.66,1615,Culled Fish,2026-09-22,1345,0 days 00:00:31
2026-09-22 16:24:31,NA13(26-078),35.12,1431,Culled Fish,2026-09-22,1344,0 days 00:00:19
2026-09-22 16:25:06,NA13(26-078),34.41,1402,Culled Fish,2026-09-22,1344,0 days 00:00:35
2026-09-22 16:25:26,NA13(26-078),43.19,1759,Culled Fish,2026-09-22,1343,0 days 00:00:20
2026-09-22 16:25:52,NA13(26-078),41.43,1687,Culled Fish,2026-09-22,1343,0 days 00:00:26
2026-09-22 16:26:19,NA13(26-078),45.83,1866,Culled Fish,2026-09-22,1343,0 days 00:00:27
2026-09-22 16:26:35,NA13(26-078),35.03,1427,Culled Fish,2026-09-22,1342,0 days 00:00:16
2026-09-22 16:26:50,NA13(26-078),36.64,1492,Culled Fish,2026-09-22,1342,0 days 00:00:15
2026-09-22 16:27:45,NA13(26-078),38.81,1581,Culled Fish,2026-09-22,1341,0 days 00:00:55
2026-09-22 16:28:02,NA13(26-078),41.91,1714,Culled Fish,2026-09-22,1341,0 days 00:00:17
2026-09-22 16:28:16,NA13(26-078),43.56,1774,Culled Fish,2026-09-22,1341,0 days 00:00:14
2026-09-22 16:28:33,NA13(26-078),36.12,1471,Culled Fish,2026-09-22,1340,0 days 00:00:17
2026-09-22 16:28:51,NA13(26-078),42.93,1747,Culled Fish,2026-09-22,1340,0 days 00:00:18
2026-09-22 16:29:21,NA13(26-078),37.99,1587,Culled Fish,2026-09-22,1340,0 days 00:00:30
2026-09-22 16:29:39,NA13(26-078),40.28,1641,Culled Fish,2026-09-22,1339,0 days 00:00:18
2026-09-22 16:29:53,NA13(26-078),43.35,1766,Culled Fish,2026-09-22,1339,0 days 00:00:14
2026-09-22 16:30:16,NA13(26-078),38.54,1570,Culled Fish,2026-09-22,1339,0 days 00:00:23
2026-09-22 16:30:40,NA13(26-078),42.1,1715,Culled Fish,2026-09-22,1338,0 days 00:00:24
2026-09-22 16:30:59,NA13(26-078),40.22,1639,Culled Fish,2026-09-22,1338,0 days 00:00:19
2026-09-22 16:31:22,NA13(26-078),36.95,1505,Culled Fish,2026-09-22,1338,0 days 00:00:23
2026-09-22 16:31:40,NA13(26-078),41.48,1689,Culled Fish,2026-09-22,1337,0 days 00:00:18
2026-09-22 16:31:59,NA13(26-078),33.59,1368,Culled Fish,2026-09-22,1337,0 days 00:00:19
2026-09-22 16:32:19,NA13(26-078),38.59,1572,Culled Fish,2026-09-22,1337,0 days 00:00:20
2026-09-22 16:32:36,NA13(26-078),40.87,1665,Culled Fish,2026-09-22,1336,0 days 00:00:17
2026-09-22 16:32:53,NA13(26-078),32.23,1313,Culled Fish,2026-09-22,1336,0 days 00:00:17
2026-09-22 16:33:31,NA13(26-078),39.93,1626,Culled Fish,2026-09-22,1335,0 days 00:00:38
2026-09-22 16:34:02,NA13(26-078),24.85,1012,Culled Fish,2026-09-22,1335,0 days 00:00:31
2026-09-22 16:34:22,NA13(26-078),37.03,1508,Culled Fish,2026-09-22,1335,0 days 00:00:20
2026-09-22 16:34:49,NA13(26-078),43.78,1783,Culled Fish,2026-09-22,1334,0 days 00:00:27
2026-09-22 16:35:06,NA13(26-078),38.9,1584,Culled Fish,2026-09-22,1334,0 days 00:00:17
2026-09-22 16:35:32,NA13(26-078),37.82,1540,Culled Fish,2026-09-22,1333,0 days 00:00:26
2026-09-22 16:35:49,NA13(26-078),46.27,1883,Culled Fish,2026-09-22,1333,0 days 00:00:17
2026-09-22 16:36:19,NA13(26-078),40.61,1654,Culled Fish,2026-09-22,1333,0 days 00:00:30
2026-09-22 16:36:38,NA13(26-078),39.71,1617,Culled Fish,2026-09-22,1332,0 days 00:00:19
2026-09-22 16:36:54,NA13(26-078),42.14,1717,Culled Fish,2026-09-22,1332,0 days 00:00:16
2026-09-22 16:37:16,NA13(26-078),43.11,1756,Culled Fish,2026-09-22,1332,0 days 00:00:22
2026-09-22 16:37:45,NA13(26-078),39.17,1596,Culled Fish,2026-09-22,1331,0 days 00:00:29
2026-09-22 16:38:30,NA13(26-078),38.41,1565,Culled Fish,2026-09-22,1330,0 days 00:00:45
2026-09-22 16:38:45,NA13(26-078),40.24,1582,Culled Fish,2026-09-22,1330,0 days 00:00:15
2026-09-22 16:39:01,NA13(26-078),36.67,1494,Culled Fish,2026-09-22,1330,0 days 00:00:16
2026-09-22 16:39:35,NA13(26-078),42.06,1713,Culled Fish,2026-09-22,1329,0 days 00:00:34
2026-09-22 16:40:08,NA13(26-078),40.24,1640,Culled Fish,2026-09-22,1329,0 days 00:00:33
2026-09-22 16:40:50,NA13(26-078),33.29,1356,Culled Fish,2026-09-22,1328,0 days 00:00:42
2026-09-22 16:41:10,NA13(26-078),40.18,1635,Culled Fish,2026-09-22,1328,0 days 00:00:20
2026-09-22 16:41:36,NA13(26-078),41.42,1687,Culled Fish,2026-09-22,1327,0 days 00:00:26
2026-09-22 16:41:59,NA13(26-078),38.67,1575,Culled Fish,2026-09-22,1327,0 days 00:00:23
2026-09-22 16:42:23,NA13(26-078),40.17,1636,Culled Fish,2026-09-22,1327,0 days 00:00:24
2026-09-22 16:42:41,NA13(26-078),44.0,1792,Culled Fish,2026-09-22,1326,0 days 00:00:18
2026-09-22 16:43:04,NA13(26-078),44.26,1802,Culled Fish,2026-09-22,1326,0 days 00:00:23
2026-09-22 16:44:24,NA13(26-078),36.34,1480,Culled Fish,2026-09-22,1325,0 days 00:01:20
2026-09-22 16:44:42,NA13(26-078),42.79,1743,Culled Fish,2026-09-22,1324,0 days 00:00:18
2026-09-22 16:47:18,NA13(26-078),44.02,1793,Culled Fish,2026-09-22,1322,0 days 00:02:36
2026-09-22 16:47:41,NA13(26-078),44.63,1818,Culled Fish,2026-09-22,1321,0 days 00:00:23
2026-09-22 16:47:59,NA13(26-078),40.81,1663,Culled Fish,2026-09-22,1321,0 days 00:00:18
2026-09-22 16:48:31,NA13(26-078),40.69,1657,Culled Fish,2026-09-22,1320,0 days 00:00:32
2026-09-22 16:48:54,NA13(26-078),41.63,1696,Culled Fish,2026-09-22,1320,0 days 00:00:23
2026-09-22 16:49:12,NA13(26-078),41.78,1702,Culled Fish,2026-09-22,1320,0 days 00:00:18
2026-09-22 16:50:00,NA13(26-078),45.1,1837,Culled Fish,2026-09-22,1319,0 days 00:00:48
2026-09-22 16:50:29,NA13(26-078),37.34,1521,Culled Fish,2026-09-22,1318,0 days 00:00:29
2026-09-22 16:50:49,NA13(26-078),36.66,1493,Culled Fish,2026-09-22,1318,0 days 00:00:20
2026-09-22 16:51:05,NA13(26-078),44.44,1810,Culled Fish,2026-09-22,1318,0 days 00:00:16
2026-09-22 16:51:24,NA13(26-078),43.77,1782,Culled Fish,2026-09-22,1318,0 days 00:00:19
2026-09-22 16:51:45,NA13(26-078),47.65,1941,Culled Fish,2026-09-22,1317,0 days 00:00:21
2026-09-22 16:52:05,NA13(26-078),2.27,1499,Culled Fish,2026-09-22,1317,0 days 00:00:20
2026-09-22 16:52:57,NA13(26-078),24.58,1001,Culled Fish,2026-09-22,1316,0 days 00:00:52
2026-09-22 16:53:22,NA13(26-078),36.83,1499,Culled Fish,2026-09-22,1316,0 days 00:00:25
2026-09-22 16:53:57,NA13(26-078),41.01,1570,Culled Fish,2026-09-22,1315,0 days 00:00:35
2026-09-22 16:54:15,NA13(26-078),41.45,1688,Culled Fish,2026-09-22,1315,0 days 00:00:18
2026-09-22 16:54:34,NA13(26-078),42.85,1745,Culled Fish,2026-09-22,1314,0 days 00:00:19
2026-09-22 16:55:16,NA13(26-078),41.24,1680,Culled Fish,2026-09-22,1314,0 days 00:00:42
2026-09-22 16:55:32,NA13(26-078),38.61,1573,Culled Fish,2026-09-22,1313,0 days 00:00:16
2026-09-22 16:56:22,NA13(26-078),37.81,1540,Culled Fish,2026-09-22,1313,0 days 00:00:50
2026-09-22 16:56:51,NA13(26-078),43.03,1752,Culled Fish,2026-09-22,1312,0 days 00:00:29
2026-09-22 16:59:55,NA13(26-078),41.59,1692,Culled Fish,2026-09-22,1309,0 days 00:03:04
2026-09-22 17:00:26,NA13(26-078),42.88,1774,Culled Fish,2026-09-22,1308,0 days 00:00:31
2026-09-22 17:00:51,NA13(26-078),39.9,1625,Culled Fish,2026-09-22,1308,0 days 00:00:25
2026-09-22 17:01:07,NA13(26-078),37.56,1530,Culled Fish,2026-09-22,1308,0 days 00:00:16
2026-09-22 17:01:23,NA13(26-078),39.54,1611,Culled Fish,2026-09-22,1308,0 days 00:00:16
2026-09-22 17:04:41,NA13(26-078),37.7,1536,Culled Fish,2026-09-22,1304,0 days 00:03:18
2026-09-22 17:07:24,GC02(26-012),1.7,3,Large,2026-09-22,1302,0 days 00:02:43
2026-09-22 17:07:52,GC02(26-012),1.87,6,Small,2026-09-22,1301,0 days 00:00:28
2026-09-22 17:08:21,GC02(26-012),2.51,6,Medium,2026-09-22,1301,0 days 00:00:29
2026-09-22 17:08:45,GC02(26-012),1.93,3,Extra Large,2026-09-22,1300,0 days 00:00:24
2026-09-22 17:09:06,GC02(26-012),0.42,1,HMedium,2026-09-22,1300,0 days 00:00:21
2026-09-22 17:09:53,GC02(26-012),0.29,2,Below 150,2026-09-22,1299,0 days 00:00:47
2026-09-22 17:10:40,NA13(26-078),39.91,1626,Culled Fish,2026-09-22,1298,0 days 00:00:47
2026-09-22 17:11:03,NA13(26-078),48.64,1980,Culled Fish,2026-09-22,1298,0 days 00:00:23
2026-09-22 17:11:52,NA13(26-078),41.33,1683,Culled Fish,2026-09-22,1297,0 days 00:00:49
2026-09-22 17:12:09,NA13(26-078),43.97,1791,Culled Fish,2026-09-22,1297,0 days 00:00:17
2026-09-22 17:12:26,NA13(26-078),41.44,1688,Culled Fish,2026-09-22,1296,0 days 00:00:17
2026-09-22 17:12:53,NA13(26-078),37.93,1545,Culled Fish,2026-09-22,1296,0 days 00:00:27
2026-09-22 17:13:25,NA13(26-078),41.86,1705,Culled Fish,2026-09-22,1296,0 days 00:00:32
2026-09-22 17:13:42,NA13(26-078),44.32,1806,Culled Fish,2026-09-22,1295,0 days 00:00:17
2026-09-22 17:14:07,NA13(26-078),36.25,1477,Culled Fish,2026-09-22,1295,0 days 00:00:25
2026-09-22 17:14:40,NA13(26-078),28.24,1151,Culled Fish,2026-09-22,1294,0 days 00:00:33
2026-09-22 17:14:58,NA13(26-078),38.65,1574,Culled Fish,2026-09-22,1294,0 days 00:00:18
2026-09-22 17:15:25,NA13(26-078),42.99,1571,Culled Fish,2026-09-22,1294,0 days 00:00:27
2026-09-22 17:15:48,NA13(26-078),49.46,1916,Culled Fish,2026-09-22,1293,0 days 00:00:23
2026-09-22 17:16:04,NA13(26-078),42.85,1745,Culled Fish,2026-09-22,1293,0 days 00:00:16
2026-09-22 17:16:20,NA13(26-078),46.59,1898,Culled Fish,2026-09-22,1293,0 days 00:00:16
2026-09-22 17:16:44,NA13(26-078),42.01,1711,Culled Fish,2026-09-22,1292,0 days 00:00:24
2026-09-22 17:17:04,NA13(26-078),38.96,1587,Culled Fish,2026-09-22,1292,0 days 00:00:20
2026-09-22 17:17:28,NA13(26-078),41.47,1690,Culled Fish,2026-09-22,1291,0 days 00:00:24
2026-09-22 17:17:53,NA13(26-078),38.94,1586,Culled Fish,2026-09-22,1291,0 days 00:00:25
2026-09-22 17:18:26,NA13(26-078),48.07,1958,Culled Fish,2026-09-22,1290,0 days 00:00:33
2026-09-22 17:18:46,NA13(26-078),47.63,1940,Culled Fish,2026-09-22,1290,0 days 00:00:20
2026-09-22 17:19:03,NA13(26-078),43.96,1790,Culled Fish,2026-09-22,1290,0 days 00:00:17
2026-09-22 17:19:20,NA13(26-078),36.22,1475,Culled Fish,2026-09-22,1290,0 days 00:00:17
2026-09-22 17:19:45,NA13(26-078),40.72,1659,Culled Fish,2026-09-22,1289,0 days 00:00:25
2026-09-22 17:20:03,NA13(26-078),42.04,1712,Culled Fish,2026-09-22,1289,0 days 00:00:18
2026-09-22 17:20:18,NA13(26-078),42.43,1728,Culled Fish,2026-09-22,1289,0 days 00:00:15
2026-09-22 17:20:33,NA13(26-078),48.2,1963,Culled Fish,2026-09-22,1288,0 days 00:00:15
2026-09-22 17:20:54,NA13(26-078),44.83,1826,Culled Fish,2026-09-22,1288,0 days 00:00:21
2026-09-22 17:21:12,NA13(26-078),39.65,1615,Culled Fish,2026-09-22,1288,0 days 00:00:18
2026-09-22 17:21:28,NA13(26-078),43.43,1769,Culled Fish,2026-09-22,1287,0 days 00:00:16
2026-09-22 17:21:44,NA13(26-078),34.09,1389,Culled Fish,2026-09-22,1287,0 days 00:00:16
2026-09-22 17:22:03,NA13(26-078),46.52,1894,Culled Fish,2026-09-22,1287,0 days 00:00:19
2026-09-22 17:22:22,NA13(26-078),44.29,1804,Culled Fish,2026-09-22,1287,0 days 00:00:19
2026-09-22 17:22:42,NA13(26-078),45.28,1844,Culled Fish,2026-09-22,1286,0 days 00:00:20
2026-09-22 17:23:02,NA13(26-078),36.01,1467,Culled Fish,2026-09-22,1286,0 days 00:00:20
2026-09-22 17:23:17,NA13(26-078),43.24,1761,Culled Fish,2026-09-22,1286,0 days 00:00:15
2026-09-22 17:23:45,NA13(26-078),39.7,1617,Culled Fish,2026-09-22,1285,0 days 00:00:28
2026-09-22 17:24:01,NA13(26-078),39.52,1610,Culled Fish,2026-09-22,1285,0 days 00:00:16
2026-09-22 17:24:21,NA13(26-078),46.82,1708,Culled Fish,2026-09-22,1285,0 days 00:00:20
2026-09-22 17:25:17,NA13(26-078),37.8,1540,Culled Fish,2026-09-22,1284,0 days 00:00:56
2026-09-22 17:25:41,NA13(26-078),39.53,1610,Culled Fish,2026-09-22,1283,0 days 00:00:24
2026-09-22 17:26:18,NA13(26-078),42.05,1712,Culled Fish,2026-09-22,1283,0 days 00:00:37
2026-09-22 17:27:16,NA13(26-078),46.6,1898,Culled Fish,2026-09-22,1282,0 days 00:00:58
2026-09-22 17:27:48,NA13(26-078),45.33,1846,Culled Fish,2026-09-22,1281,0 days 00:00:32
2026-09-22 17:28:21,NA13(26-078),42.6,1775,Culled Fish,2026-09-22,1281,0 days 00:00:33
2026-09-22 17:28:39,NA13(26-078),39.58,1612,Culled Fish,2026-09-22,1280,0 days 00:00:18
2026-09-22 17:28:58,NA13(26-078),44.04,1794,Culled Fish,2026-09-22,1280,0 days 00:00:19
2026-09-22 17:29:27,NA13(26-078),39.86,1624,Culled Fish,2026-09-22,1279,0 days 00:00:29
2026-09-22 17:29:44,NA13(26-078),40.95,1668,Culled Fish,2026-09-22,1279,0 days 00:00:17
2026-09-22 17:30:24,NA13(26-078),37.08,1547,Culled Fish,2026-09-22,1279,0 days 00:00:40
2026-09-22 17:31:13,NA13(26-078),37.86,1547,Culled Fish,2026-09-22,1278,0 days 00:00:49
2026-09-22 17:31:56,NA13(26-078),38.89,1584,Culled Fish,2026-09-22,1277,0 days 00:00:43
2026-09-22 17:32:43,NA13(26-078),38.55,1570,Culled Fish,2026-09-22,1276,0 days 00:00:47
2026-09-22 17:33:16,NA13(26-078),33.66,1371,Culled Fish,2026-09-22,1276,0 days 00:00:33
2026-09-22 17:33:37,NA13(26-078),38.47,1567,Culled Fish,2026-09-22,1275,0 days 00:00:21
2026-09-22 17:33:58,NA13(26-078),44.16,1800,Culled Fish,2026-09-22,1275,0 days 00:00:21
2026-09-22 17:34:13,NA13(26-078),38.78,1580,Culled Fish,2026-09-22,1275,0 days 00:00:15
2026-09-22 17:34:41,NA13(26-078),41.22,1679,Culled Fish,2026-09-22,1274,0 days 00:00:28
2026-09-22 17:35:00,NA13(26-078),38.41,1564,Culled Fish,2026-09-22,1274,0 days 00:00:19
2026-09-22 17:35:21,NA13(26-078),40.04,1631,Culled Fish,2026-09-22,1274,0 days 00:00:21
2026-09-22 17:35:35,NA13(26-078),41.65,1697,Culled Fish,2026-09-22,1273,0 days 00:00:14
2026-09-22 17:36:25,NA13(26-078),45.52,1854,Culled Fish,2026-09-22,1273,0 days 00:00:50
2026-09-22 17:36:44,NA13(26-078),38.27,1589,Culled Fish,2026-09-22,1272,0 days 00:00:19
2026-09-22 17:37:36,NA13(26-078),38.98,1588,Culled Fish,2026-09-22,1271,0 days 00:00:52
2026-09-22 17:38:30,NA13(26-078),39.49,1609,Culled Fish,2026-09-22,1270,0 days 00:00:54
2026-09-22 17:38:58,NA13(26-078),44.38,1808,Culled Fish,2026-09-22,1270,0 days 00:00:28
2026-09-22 17:39:22,NA13(26-078),47.7,1943,Culled Fish,2026-09-22,1270,0 days 00:00:24
2026-09-22 17:39:42,NA13(26-078),22.35,910,Culled Fish,2026-09-22,1269,0 days 00:00:20
